City,Total_Dependency_Ratio,Child_Dependency_Ratio,Elderly_Dependency_Ratio
Adana,48.323861237586144,32.6211832866765,15.702677950909646
Adıyaman,54.51898908299674,40.29061988070079,14.228369202295946
Afyonkarahisar,48.27945982513545,28.653251048773125,19.62620877636232
Ağrı,57.37972109703966,47.76189180102147,9.617829296018188
Amasya,49.858348257486526,24.1158260245121,25.742522232974423
Ankara,40.46532144140513,25.054566990963174,15.410754450441955
Antalya,41.36250007633852,26.438166816968728,14.92433325936979
Artvin,51.366564569611214,22.2300526748525,29.136511894758716
Aydın,50.353207990569146,25.85839098270968,24.49481700785947
Balıkesir,50.128621534786255,22.854778631878272,27.27384290290798
Bilecik,45.05840470278214,25.330664369330563,19.727740333451578
Bingöl,48.41204334088627,35.388222676683505,13.023820664202763
Bitlis,54.461924822470124,44.69595998988605,9.765964832584071
Bolu,45.706167638269726,22.81968264430421,22.88648499396552
Burdur,48.45401677180281,22.584635486392994,25.869381285409816
Bursa,44.49981444922418,28.072636707523262,16.42717774170092
Çanakkale,48.132777941229605,21.828303318416204,26.3044746228134
Çankırı,52.04855266948702,24.41128751004564,27.637265159441387
Çorum,52.53391420242545,25.27808031376325,27.25583388866219
Denizli,45.39919254266834,25.79080660766509,19.60838593500325
Diyarbakır,54.8094963891691,46.053158317447235,8.756338071721856
Edirne,46.943134226600435,20.47557429283021,26.46755993377023
Elazığ,46.398400846951674,28.80409166608253,17.594309180869143
Erzincan,47.022732153265636,25.726907384115105,21.295824769150535
Erzurum,49.080282106166116,33.56767998834673,15.512602117819382
Eskişehir,42.511422187070465,22.956637922428953,19.554784264641516
Gaziantep,53.95728656270371,44.11084794395948,9.846438618744228
Giresun,52.96039474170703,22.43547297410852,30.524921767598507
Gümüşhane,46.95102585275996,23.20713968112812,23.743886171631836
Hakkari,43.89029227611115,37.17581326432441,6.714479011786738
Hatay,51.136060978250256,36.815541942666194,14.32051903558406
Isparta,47.64639374537883,24.45747858926197,23.188915156116856
Mersin,47.287779971888945,30.36204841816965,16.925731553719295
İstanbul,37.78674682072189,25.76525656857229,12.021490252149599
İzmir,43.527156077140766,23.580313752007115,19.94684232513365
Kars,49.50339867610033,34.44751365862063,15.055885017479701
Kastamonu,54.963149071895,22.289203310261566,32.67394576163343
Kayseri,46.402284652350126,30.3141898705852,16.088094781764926
Kırklareli,46.22190892211924,21.30877265968675,24.91313626243249
Kırşehir,47.46826216363968,25.135758974670473,22.332503188969206
Kocaeli,42.790666021814,29.878416199544905,12.91224982226909
Konya,48.47235747272304,31.739725168166444,16.732632304556603
Kütahya,45.740161201732086,22.632365526843536,23.10779567488855
Malatya,47.28885493922187,28.84418272022573,18.44467221899614
Manisa,47.74486906723401,27.442891878489274,20.30197718874474
Kahramanmaraş,50.90746323674614,35.84196737713767,15.065495859608474
Mardin,58.770846255625045,48.970228797045195,9.800617458579845
Muğla,44.259075338197306,23.11142832027688,21.147647017920423
Muş,57.94927789188268,47.629910456969824,10.319367434912852
Nevşehir,47.219092727565354,27.14505782539719,20.074034902168165
Niğde,47.81548128880486,30.28920351607059,17.526277772734268
Ordu,51.045398946735,25.06518994560622,25.980209001128777
Rize,47.54911967338607,24.303819001445948,23.245300671940118
Sakarya,45.40315108978639,28.034631967412516,17.368519122373876
Samsun,46.8073373988883,25.786436060291674,21.020901338596623
Siirt,56.63375668606706,47.18537194561606,9.448384740451
Sinop,57.03299912391706,23.02707513454131,34.00592398937576
Sivas,49.5162161138159,26.923295508363804,22.5929206054521
Tekirdağ,43.37846287461454,28.016226227497025,15.36223664711752
Tokat,50.61593660868222,25.609376264552314,25.006560344129902
Trabzon,49.33587026117176,26.1180832288876,23.21778703228416
Tunceli,45.57291221106301,19.723852379078483,25.849059831984533
Şanlıurfa,70.35705961519665,62.674075020864194,7.682984594332459
Uşak,46.30052947267648,24.414356329249944,21.88617314342653
Van,52.535321390359655,44.349537735590246,8.185783654769416
Yozgat,49.814005090387,25.86018113656305,23.953823953823957
Zonguldak,45.68414186953718,21.209231925873738,24.474909943663445
Aksaray,49.134206451700145,32.737881932940724,16.39632451875942
Bayburt,44.972785663032255,25.661982183797406,19.31080347923485
Karaman,47.35485247945721,28.66330043865808,18.691552040799134
Kırıkkale,44.73448542318065,23.60846003080655,21.1260253923741
Batman,54.000938936584596,46.042986562051155,7.957952374533436
Şırnak,57.983790348565336,51.97388169653308,6.009908652032265
Bartın,46.37952161379203,20.90690805550243,25.4726135582896
Ardahan,49.668018875734745,26.879708585147778,22.78831029058697
Iğdır,51.858324508852874,38.98741863582171,12.870905873031155
Yalova,47.80148638586274,27.04330628370335,20.758180102159386
Karabük,43.873057592105866,20.851777562595103,23.021280029510766
Kilis,52.5145620717394,39.78425842467944,12.730303647059966
Osmaniye,50.607504705458325,34.812115387182466,15.795389318275866
Düzce,45.60442255277706,27.28221800270454,18.32220455007252
Adana,48.46891375721761,33.56710054225225,14.901813214965355
Adıyaman,55.332330047232404,41.434868598331356,13.897461448901046
Afyonkarahisar,48.12599712512045,29.39505110019429,18.730946024926155
Ağrı,58.917720975634566,49.69459750781392,9.223123467820656
Amasya,49.21227070867308,24.69220812614128,24.520062582531803
Ankara,40.635502157360314,25.990657794041223,14.644844363319095
Antalya,41.652104770716484,27.359937804485863,14.292166966230624
Artvin,50.645189997330256,22.568301147993235,28.07688884933701
Aydın,49.692704113926084,26.37724662372527,23.31545749020081
Balıkesir,49.396371673956416,23.293661200138615,26.102710473817798
Bilecik,44.66836347059717,25.832573570379374,18.835789900217797
Bingöl,49.03929120104384,36.49483342803628,12.544457773007556
Bitlis,55.638414755474045,46.21553581161163,9.422878943862411
Bolu,45.262413051895166,23.297419260089985,21.96499379180518
Burdur,48.42841076031448,23.27006796497893,25.158342795335546
Bursa,44.41289390486977,28.748645551388783,15.664248353480989
Çanakkale,47.57638636717332,22.230637547336205,25.345748819837112
Çankırı,51.38492517089197,24.595574598224086,26.789350572667882
Çorum,52.10534915068301,25.910732729193047,26.194616421489968
Denizli,44.963758070265776,26.401771190295058,18.561986879970718
Diyarbakır,55.94566644668358,47.4419312700281,8.503735176655486
Edirne,45.7798803298715,20.67787694533172,25.102003384539785
Elazığ,46.584419272394534,29.682361307641337,16.902057964753197
Erzincan,46.37933545302298,26.03516904929492,20.344166403728064
Erzurum,49.37323810936854,34.44884652554165,14.924391583826896
Eskişehir,42.247266968870534,23.56449305224361,18.682773916626925
Gaziantep,54.930028141316875,45.46659207522434,9.46343606609254
Giresun,51.68276908335995,22.740671244543808,28.94209783881614
Gümüşhane,45.447406531095105,23.044444897709425,22.402961633385683
Hakkari,43.58015457491897,37.379858450485656,6.200296124433319
Hatay,51.15452122976056,37.66078827133378,13.493732958426785
Isparta,46.93158142458882,24.9110495982832,22.02053182630562
Mersin,47.1293175424028,31.117548877376866,16.01176866502594
İstanbul,38.31060352677195,26.834698959807778,11.475904566964175
İzmir,43.31678352325319,24.242803129132533,19.07398039412066
Kars,49.95979777731273,35.52940269409964,14.430395083213094
Kastamonu,53.596329684999475,22.56954217565079,31.026787509348686
Kayseri,46.65278683691334,31.331090482085123,15.321696354828221
Kırklareli,45.163094057225585,21.57123324920435,23.591860808021234
Kırşehir,47.00602941972095,25.914482028962855,21.091547390758095
Kocaeli,43.0570191433931,30.727419386253533,12.329599757139565
Konya,48.532255072515504,32.468179045183305,16.064076027332202
Kütahya,45.14590126851882,23.218138980457542,21.927762288061285
Malatya,47.48361055213181,29.688286064645958,17.79532448748585
Manisa,47.41147436153631,28.0255585308341,19.38591583070221
Kahramanmaraş,51.689496006816036,37.163963303635796,14.525532703180236
Mardin,59.74164215030757,50.20486761166087,9.536774538646696
Muğla,44.1082836484924,23.712589845643986,20.39569380284842
Muş,59.33204990739838,49.38062514215161,9.951424765246774
Nevşehir,47.17955839466741,27.86464842845901,19.314909966208397
Niğde,48.29486450031632,31.335023017638235,16.959841482678083
Ordu,50.57478225872626,25.665336839596286,24.909445419129973
Rize,46.761101923247736,24.71417755463724,22.046924368610497
Sakarya,45.018957494477256,28.569936442780225,16.449021051697034
Samsun,46.51465224953286,26.480672639418678,20.03397961011418
Siirt,57.27835379250381,48.21804209010761,9.0603117023962
Sinop,56.00241952668009,23.496216052734685,32.50620347394541
Sivas,49.173932083283574,27.555424415078345,21.618507668205226
Tekirdağ,43.25801749271137,28.652279265537818,14.605738227173557
Tokat,49.92047295346322,26.130385204543565,23.790087748919657
Trabzon,48.80991161204856,26.782779913277015,22.027131698771544
Tunceli,44.73930481283423,20.157085561497325,24.5822192513369
Şanlıurfa,71.53294183389457,64.04181649402824,7.491125339866331
Uşak,45.60782761858206,24.967604770440033,20.640222848142027
Van,54.11558596582153,46.293932618961634,7.8216533468598985
Yozgat,49.765470943046054,26.70042628465375,23.065044658392296
Zonguldak,44.812506940759846,21.891835198598276,22.92067174216157
Aksaray,49.56234685543153,33.77314184590253,15.789205009528995
Bayburt,44.37849402995376,26.06114983780799,18.317344192145764
Karaman,47.41923359568273,29.469149168915244,17.950084426767493
Kırıkkale,44.44353723444971,24.24513040860171,20.198406825848
Batman,55.3687148981423,47.54957581051762,7.819139087624681
Şırnak,58.83632923368023,52.98597584729256,5.850353386387668
Bartın,45.17012535552512,21.275325678570177,23.89479967695495
Ardahan,50.0780338749158,27.738989009544774,22.33904486537103
Iğdır,51.890768643345965,39.83317179193468,12.057596851411285
Yalova,47.517356702394245,27.51199037894868,20.005366323445564
Karabük,43.24324324324324,21.320241104413768,21.923002138829478
Kilis,53.117764861036484,40.67698920529478,12.440775655741708
Osmaniye,51.14016254555936,35.95343988319563,15.186722662363724
Düzce,44.95013586526665,27.74780031848365,17.202335546782997
Adana,48.80028314222326,34.54780810560156,14.252475036621695
Adıyaman,55.93020258776226,42.46739522655807,13.462807361204185
Afyonkarahisar,48.27304481676632,30.273518441773728,17.999526374992598
Ağrı,60.04796072980453,51.185243622976074,8.862717106828457
Amasya,49.929567824639335,25.85236179617503,24.077206028464314
Ankara,40.95067621803645,26.956138422809623,13.994537795226824
Antalya,42.07369444962593,28.27152960666715,13.802164842958781
Artvin,50.08751534784085,22.896801553506275,27.19071379433458
Aydın,49.076629901253106,26.80859527888459,22.268034622368514
Balıkesir,48.69671926338134,23.581651787486543,25.115067475894794
Bilecik,44.472177174133385,26.26190958848571,18.21026758564768
Bingöl,49.378493847690464,37.295075537706104,12.083418309984365
Bitlis,56.886491295398244,47.66554443010153,9.220946865296725
Bolu,45.46134484642739,23.984915935901686,21.4764289105257
Burdur,47.74982027318476,23.62542269084325,24.12439758234151
Bursa,44.55306232574871,29.489297598704923,15.063764727043798
Çanakkale,46.41431860119544,22.244493092465746,24.169825508729698
Çankırı,50.78658116020721,25.01724315043365,25.769338009773563
Çorum,52.054830001669195,26.83452574868911,25.220304252980082
Denizli,44.896323010326654,27.05465958157072,17.84166342875593
Diyarbakır,56.8793644520798,48.60773277581094,8.271631676268857
Edirne,45.00058702873678,20.88164810044407,24.118938928292714
Elazığ,46.703835492749896,30.487337194230985,16.21649829851891
Erzincan,46.189097635979245,26.401835479531037,19.787262156448204
Erzurum,50.20407918031867,35.62673737673137,14.577341803587307
Eskişehir,42.174793591232984,24.181043319438146,17.993750271794838
Gaziantep,56.030973547033504,46.874022163101394,9.156951383932112
Giresun,50.64996084573219,23.01455233620465,27.635408509527537
Gümüşhane,44.421541842082235,23.23458206531779,21.186959776764446
Hakkari,43.34519466539082,37.58198273627973,5.7632119291110975
Hatay,51.74518158160243,38.890990129843594,12.854191451758837
Isparta,46.29368218365382,25.40071817022716,20.89296401342666
Mersin,47.55636922795853,32.112266492090804,15.444102735867729
İstanbul,38.72169675109126,27.744243655174962,10.977453095916294
İzmir,43.21295242747717,24.866450950596843,18.346501476880324
Kars,50.042586682766945,36.288705364843885,13.753881317923064
Kastamonu,52.4124095885151,22.741378094364904,29.671031494150192
Kayseri,46.981291868606924,32.336264453533666,14.645027415073258
Kırklareli,44.745456987699804,21.894728762496882,22.850728225202925
Kırşehir,46.96589530763193,26.954360596475375,20.01153471115656
Kocaeli,43.35115701701884,31.49877092930832,11.85238608771052
Konya,48.75542468147527,33.249346537852716,15.506078143622549
Kütahya,44.41311491859619,23.55617991621303,20.85693500238316
Malatya,47.83568438631446,30.56833313760577,17.267351248708696
Manisa,46.99362108190594,28.423339429363743,18.570281652542203
Kahramanmaraş,52.71597829788573,38.68455208274922,14.0314262151365
Mardin,60.518137147789716,51.211460705404754,9.306676442384962
Muğla,44.09470729513091,24.253210176387473,19.84149711874343
Muş,60.24452699534749,50.72111820407705,9.523408791270443
Nevşehir,47.39763599555933,28.681045983338155,18.716590012221175
Niğde,48.31013447341407,32.13714007024554,16.172994403168524
Ordu,50.126556803492505,26.273695536066754,23.852861267425748
Rize,46.1927960092761,25.084669413904138,21.108126595371964
Sakarya,45.0120038348885,29.19612602309913,15.815877811789377
Samsun,46.411471048696264,27.23821387158522,19.173257177111044
Siirt,56.49400667576588,48.10920868300022,8.384797992765668
Sinop,54.832708743360925,23.804966164298616,31.027742579062306
Sivas,49.03541877192621,28.064856888180074,20.970561883746136
Tekirdağ,43.31101707611186,29.234829079245632,14.076187996866226
Tokat,49.76447160951392,26.657026740923705,23.10744486859021
Trabzon,48.57606315391062,27.510701379689458,21.065361774221163
Tunceli,43.26249097762451,20.16200176437565,23.100489213248856
Şanlıurfa,72.50999896367647,65.2304884823938,7.2795104812826725
Uşak,45.10195598457381,25.49669383953383,19.60526214503999
Van,55.54341678736464,48.09393751293193,7.44947927443272
Yozgat,49.605271580265004,27.530707026165874,22.07456455409913
Zonguldak,44.19037775220859,22.59955730639468,21.590820445813915
Aksaray,49.78736195606505,34.74795987033349,15.03940208573156
Bayburt,43.49776532586219,26.212394103128545,17.28537122273364
Karaman,47.47934138260486,30.170241534017578,17.30909984858728
Kırıkkale,44.38077914203426,24.939113738568036,19.44166540346622
Batman,56.54486480210724,48.946982688767896,7.597882113339348
Şırnak,59.24271508766448,53.60116290749194,5.641552180172539
Bartın,44.83052624222517,21.839401775106577,22.991124467118595
Ardahan,50.231451508481165,28.526803055807328,21.70464845267383
Iğdır,52.057883175164754,40.49647292526081,11.56141024990394
Yalova,47.30716622925941,27.966515386585854,19.340650842673547
Karabük,42.19372378177523,21.419140627176148,20.77458315459909
Kilis,53.68213599540476,41.46017786756987,12.221958127834888
Osmaniye,51.64063031094071,37.15517124172343,14.485459069217278
Düzce,44.81173573399568,28.33803832061986,16.473697413375827
Adana,49.27724691498223,35.397341886070144,13.879905028912093
Adıyaman,57.114658236677876,43.93513262143463,13.17952561524324
Afyonkarahisar,48.44103700526604,30.9155606389147,17.525476366351338
Ağrı,62.33281937975871,53.53880879337477,8.794010586383939
Amasya,49.592262720783985,26.18849667884277,23.403766041941218
Ankara,41.42214950093796,27.838637013992322,13.583512486945631
Antalya,42.28725361130123,28.987226456073373,13.300027155227859
Artvin,50.55100335934306,23.598940651605908,26.952062707737152
Aydın,48.83651899341264,27.242772963065697,21.593746030346946
Balıkesir,48.300707547169814,23.888325471698113,24.412382075471697
Bilecik,43.277026603676646,26.01095224370622,17.266074359970425
Bingöl,50.14879054542363,38.38264677124516,11.766143774178465
Bitlis,58.035295745849204,48.870277196162384,9.16501854968682
Bolu,45.92858767341369,24.74050488969752,21.18808278371617
Burdur,47.240969492291065,23.709216845116778,23.531752647174287
Bursa,44.62853691904709,30.08138841077561,14.547148508271485
Çanakkale,46.24430390667688,22.64502652294516,23.599277383731724
Çankırı,51.83780471725187,25.965826682489084,25.871978034762783
Çorum,52.541189002296285,27.679067750488212,24.862121251808066
Denizli,44.88143617962395,27.579992346739342,17.30144383288461
Diyarbakır,58.29392531888919,50.13839580146781,8.155529517421382
Edirne,44.44932079414838,21.111807732497386,23.337513061650995
Elazığ,47.22132343058536,31.22949718000667,15.991826250578683
Erzincan,46.48219359263251,27.163343783677867,19.31884980895464
Erzurum,51.052881825801045,36.62380729804654,14.429074527754496
Eskişehir,42.289426270159645,24.69254383486826,17.596882435291388
Gaziantep,57.671826380638876,48.564041866222205,9.107784514416675
Giresun,50.40565244659132,23.38072617125472,27.024926275336597
Gümüşhane,44.71621229262823,24.182777505231225,20.533434787397002
Hakkari,46.57300888489036,40.67618860029705,5.896820284593312
Hatay,52.93212200152747,40.434366944283695,12.497755057243772
Isparta,46.33156549226816,25.953746968711183,20.377818523556975
Mersin,47.87957167803164,32.78451719638471,15.095054481646928
İstanbul,39.13745358608474,28.546723713081732,10.590729873003008
İzmir,43.228310187154236,25.46533369498402,17.76297649217021
Kars,52.318060643680965,38.471770372053584,13.846290271627382
Kastamonu,53.2033256890027,23.57357600706628,29.629749681936417
Kayseri,47.67584567787407,33.421230561189994,14.254615116684082
Kırklareli,44.029184328436784,21.937380819610123,22.09180350882666
Kırşehir,46.942982139852404,27.736112112689597,19.206870027162807
Kocaeli,43.82527390882665,32.3118333870613,11.513440521765357
Konya,49.096208360332376,33.94834882721348,15.147859533118899
Kütahya,43.80799548294589,23.71973462307115,20.08826085987474
Malatya,49.03981951908439,32.414665908549,16.62515361053539
Manisa,47.00195030916605,28.946973216288086,18.054977092877966
Kahramanmaraş,53.93231839248011,40.263954347271884,13.668364045208229
Mardin,61.764219376973564,52.52847778370452,9.23574159326904
Muğla,43.97394092066623,24.697749293306117,19.27619162736011
Muş,61.700110985993085,52.38903425983684,9.311076726156239
Nevşehir,47.64537791113016,29.267514406820023,18.37786350431014
Niğde,49.15913562407648,33.04760272015544,16.11153290392104
Ordu,50.7154734210412,27.151061065054172,23.56441235598703
Rize,46.17270521650825,25.67846049908859,20.49424471741966
Sakarya,45.21654485514378,29.855923589487098,15.360621265656679
Samsun,46.720444979082636,27.928805919902906,18.79163905917973
Siirt,60.8821272834986,52.18225256635621,8.699874717142384
Sinop,55.9127788330497,24.353008466497666,31.559770366552037
Sivas,49.84093719615228,29.138228880518817,20.702708315633465
Tekirdağ,43.46668039652501,29.859051283532455,13.607629112992548
Tokat,50.34444514462159,27.509988026970824,22.834457117650768
Trabzon,48.449400684154654,28.07883203731093,20.370568646843722
Tunceli,43.741161637674,20.915611742456512,22.82554989521749
Şanlıurfa,74.0919399517541,66.89693236670408,7.195007585050031
Uşak,45.05310250773647,25.97831084187468,19.074791665861788
Van,57.13581697472042,49.89914064207527,7.23667633264516
Yozgat,50.121261695654674,28.567174674243727,21.554087021410943
Zonguldak,44.30914244799074,23.421576608829557,20.887565839161184
Aksaray,50.118207407201986,35.43379691898113,14.684410488220855
Bayburt,44.01155634573304,26.866794310722103,17.14476203501094
Karaman,47.75259577312404,30.794111149504072,16.958484623619977
Kırıkkale,44.986498084612,25.663059178162484,19.323438906449518
Batman,58.09471365638766,50.52923236390456,7.565481292483106
Şırnak,61.24652626160684,55.57518745897302,5.671338802633824
Bartın,45.48244704064331,22.568806026742596,22.913641013900712
Ardahan,51.21652114196017,29.45158442068086,21.76493672127931
Iğdır,54.89618758511553,43.239069073866965,11.657118511248564
Yalova,47.4616333923844,28.482851967594897,18.978781424789506
Karabük,42.03091278942001,21.764609758433963,20.266303030986045
Kilis,55.50941452286084,42.9787949831264,12.530619539734438
Osmaniye,52.466312713952426,38.29612105618909,14.17019165776334
Düzce,44.81273368077151,28.851666773900675,15.96106690687084
Adana,49.757965374095015,36.15737940945669,13.60058596463833
Adıyaman,57.722343923871875,44.71803751515726,13.004306408714614
Afyonkarahisar,49.3399717446098,31.807582398176244,17.53238934643356
Ağrı,63.66943169729622,55.14099160508,8.528440092216215
Amasya,50.928984867988724,27.31773622950967,23.611248638479058
Ankara,42.0099986978417,28.685633042896853,13.324365654944852
Antalya,43.00978478922445,29.810063184901132,13.199721604323322
Artvin,51.36010998723363,24.491800058921733,26.86830992831189
Aydın,48.595976749427386,27.573103553102605,21.022873196324774
Balıkesir,48.022905136375044,24.18366718903129,23.839237947343754
Bilecik,42.84623950552407,25.976877744829395,16.869361760694666
Bingöl,50.817715935605534,39.325477578069226,11.492238357536303
Bitlis,59.46485478380532,50.31958426884914,9.14527051495618
Bolu,46.36504589715561,25.292145571965,21.07290032519061
Burdur,47.110893739150065,24.013629938568535,23.09726380058153
Bursa,44.90741593226706,30.599743313065993,14.307672619201067
Çanakkale,45.700690232169,22.72537126124242,22.975318970926583
Çankırı,52.429375901708006,26.608336823815954,25.82103907789206
Çorum,53.13140130353817,28.481727188081933,24.64967411545624
Denizli,45.12617434096068,28.123843608989336,17.002330731971345
Diyarbakır,59.38715897048971,51.29631919908392,8.090839771405795
Edirne,43.97432941357313,21.254393135878033,22.719936277695098
Elazığ,47.46809097519998,31.750796158379096,15.717294816820884
Erzincan,47.24281469258113,27.97756782074108,19.26524687184005
Erzurum,51.94413607446917,37.67121225200195,14.272923822467224
Eskişehir,42.54757038767168,25.1337619640001,17.413808423671583
Gaziantep,58.947725755128374,49.86999518777022,9.077730567358161
Giresun,50.49630072915588,24.052448405786443,26.443852323369427
Gümüşhane,44.934686272048815,25.25560693976462,19.679079332284193
Hakkari,47.11577611506226,41.42347249028369,5.692303624778574
Hatay,53.673767293578535,41.39099193234613,12.282775361232398
Isparta,46.3912784987666,26.41446838981353,19.97681010895307
Mersin,48.506917096146736,33.59736901414202,14.909548082004715
İstanbul,39.67663169893918,29.242657077023402,10.433974621915782
İzmir,43.480578138236154,26.049774508192495,17.43080363004366
Kars,53.13541961775666,39.64031207095692,13.495107546799748
Kastamonu,53.751560677078004,24.17545080541171,29.57610987166629
Kayseri,48.41026362649654,34.42737105023275,13.982892576263787
Kırklareli,43.30142885640639,21.8787525571171,21.422676299289286
Kırşehir,47.400481740576026,28.45181684150492,18.9486648990711
Kocaeli,44.403193082648464,32.998880106010006,11.404312976638458
Konya,49.820703395384214,34.81867685027517,15.002026545109052
Kütahya,44.49527538605989,24.425654753580915,20.069620632478973
Malatya,49.68986293255838,33.2323297763052,16.45753315625318
Manisa,47.34617742323792,29.481050482816663,17.865126940421252
Kahramanmaraş,55.15278197241605,41.616728394080525,13.536053578335533
Mardin,62.75301734383194,53.55384435448273,9.199172989349218
Muğla,44.5441754334311,25.41587869591312,19.128296737517978
Muş,63.07224261155109,53.92521408795312,9.147028523597966
Nevşehir,48.29724641658602,30.11560331835931,18.18164309822671
Niğde,49.84386329180674,33.90844374134863,15.93541955045811
Ordu,51.13909718428763,27.78447633709093,23.354620847196703
Rize,46.373914884607245,26.344696167690028,20.029218716917214
Sakarya,45.73833819642494,30.573597533835578,15.164740662589363
Samsun,47.27841765870885,28.68541343563791,18.593004223070942
Siirt,62.17166807517012,53.58191383866855,8.589754236501571
Sinop,56.78516051226096,25.213920634009074,31.571239878251884
Sivas,50.56439072074909,30.08135084534345,20.48303987540563
Tekirdağ,43.444814200701636,30.13629447542925,13.308519725272388
Tokat,50.810280488445834,28.35043160732118,22.459848881124657
Trabzon,48.62419380668831,28.694476392912776,19.92971741377553
Tunceli,44.554472556339,21.595465228812387,22.959007327526614
Şanlıurfa,74.92455785639015,67.84022019229278,7.084337664097376
Uşak,45.49782250172523,26.574446268231917,18.923376233493315
Van,58.5163564223287,51.51449898514745,7.001857437181252
Yozgat,51.31847748663082,29.838123578564478,21.48035390806634
Zonguldak,44.60517571587267,24.32409898256206,20.28107673331061
Aksaray,50.93660626655551,36.332584048320086,14.604022218235416
Bayburt,44.454824956260296,27.541573949822496,16.913251006437804
Karaman,48.573035771685724,31.65725306516049,16.915782706525235
Kırıkkale,45.74029869663491,26.69363526901709,19.046663427617823
Batman,59.68034306139462,52.1246300030849,7.555713058309729
Şırnak,63.692529768322196,57.94041543879824,5.7521143295239465
Bartın,45.91785063225209,23.24068983477531,22.677160797476777
Ardahan,52.34702229069376,30.772070033540356,21.574952257153406
Iğdır,56.47596161252061,44.9135049370735,11.562456675447109
Yalova,47.77850566482325,29.233636506751576,18.544869158071677
Karabük,42.770335668100365,22.519715704410476,20.250619963689886
Kilis,56.65728466149582,43.87340738671766,12.783877274778163
Osmaniye,53.327806628164566,39.25494838815215,14.07285824001242
Düzce,45.43027814752082,29.569449834431683,15.860828313089145
Adana,49.88602859935619,36.73011240533074,13.155916194025444
Adıyaman,57.98678070762682,45.212877569168974,12.773903138457849
Afyonkarahisar,49.854398151913976,32.5139501211993,17.34044803071467
Ağrı,65.24802557874693,56.94851227860095,8.299513300145978
Amasya,50.58281754242652,27.529095993213552,23.05372154921296
Ankara,42.29355730501326,29.347790856695195,12.945766448318064
Antalya,43.29386480609589,30.43187082168649,12.861993984409398
Artvin,50.36015257695379,24.689967178213433,25.67018539874035
Aydın,48.407425384119605,27.930196721224515,20.477228662895094
Balıkesir,47.78228569045534,24.484042584880818,23.29824310557452
Bilecik,45.017603649359174,27.516062086844673,17.501541562514504
Bingöl,51.00997379266731,39.967522201201575,11.042451591465735
Bitlis,60.53439199418224,51.55437452261927,8.980017471562974
Bolu,46.63027327647642,26.002021509984118,20.62825176649231
Burdur,48.5238918762616,25.041288765563223,23.482603110698378
Bursa,44.803167728162464,30.85295151540332,13.950216212759145
Çanakkale,46.49458572622683,23.460590633292846,23.03399509293399
Çankırı,53.26679994583874,27.314796377567678,25.95200356827106
Çorum,53.12532495291793,29.175283936638515,23.950041016279418
Denizli,45.366196317647585,28.649673772176786,16.716522545470795
Diyarbakır,60.00163282443638,51.98661801687192,8.015014807564464
Edirne,43.89062191231686,21.61801654292409,22.272605369392767
Elazığ,47.57476500633761,32.317307330296295,15.257457676041314
Erzincan,47.55038330333203,28.641381654309487,18.909001649022546
Erzurum,52.524273211667236,38.622114318932,13.902158892735233
Eskişehir,42.503643444285366,25.38915512174475,17.114488322540616
Gaziantep,59.64200618765994,50.67058308665763,8.971423101002305
Giresun,49.66146806126261,24.32994023160254,25.331527829660068
Gümüşhane,46.69855270513696,26.32358117481417,20.374971530322796
Hakkari,47.74625780830287,42.40869684297016,5.337560965332715
Hatay,53.772016480736326,41.95915401852322,11.812862462213111
Isparta,46.848766821751965,27.128587389731017,19.720179432020945
Mersin,48.381997152664354,33.93895458475826,14.443042567906097
İstanbul,40.405704507388975,30.075717160967415,10.32998734642156
İzmir,43.359731410950445,26.407037544597117,16.95269386635333
Kars,53.69009860400888,40.730252227760154,12.959846376248732
Kastamonu,53.06722518199195,24.53698808410265,28.530237097889298
Kayseri,49.06541468028834,35.363022217374976,13.702392462913366
Kırklareli,43.10292308361783,22.21369485839521,20.889228225222624
Kırşehir,47.34551098231553,29.09298138189843,18.252529600417102
Kocaeli,44.29991431267349,33.26322771009651,11.036686602576978
Konya,50.354465855472554,35.54254425560834,14.811921599864213
Kütahya,45.14373732136655,25.343675910218916,19.800061411147635
Malatya,49.85677134162777,33.90754920057775,15.94922214105002
Manisa,46.94216583839984,29.580977348100994,17.361188490298847
Kahramanmaraş,55.58040173565144,42.550097090999174,13.030304644652272
Mardin,63.39812803964151,54.30214418988775,9.09598384975377
Muğla,44.44712267078504,25.806619228382143,18.6405034424029
Muş,64.38499124329252,55.59149759690356,8.793493646388956
Nevşehir,48.77936929201467,30.770919522285535,18.00844976972914
Niğde,50.606258501137646,34.860591741573735,15.745666759563909
Ordu,50.938159759735946,28.16461655879234,22.77354320094361
Rize,45.753019952425696,26.470613132877908,19.28240681954779
Sakarya,45.807497280047436,31.039343519520727,14.768153760526706
Samsun,47.21986701044918,29.17921020491247,18.04065680553671
Siirt,63.75903328403465,55.25228892659112,8.506744357443525
Sinop,57.06677115532529,26.044523778425994,31.022247376899298
Sivas,50.57113360074636,30.686118043749023,19.885015556997335
Tekirdağ,43.31307716169675,30.312804074566042,13.000273087130704
Tokat,50.76370238680637,28.883761395014563,21.87994099179181
Trabzon,48.05769118548128,28.836110057479647,19.221581128001635
Tunceli,43.44925991507504,21.475356289432515,21.973903625642524
Şanlıurfa,75.48370397532409,68.4450458193475,7.0386581559765915
Uşak,45.8244026825504,27.234833682664867,18.58956899988553
Van,60.01397791378245,53.298035852513514,6.715942061268927
Yozgat,52.03109582680364,30.877807765975973,21.153288060827673
Zonguldak,44.39860780362704,24.940098919215973,19.458508884411064
Aksaray,51.67664670658682,37.22542938075944,14.451217325827386
Bayburt,47.053015206190196,29.681693326870253,17.37132187931994
Karaman,49.372436423297785,32.60283604828314,16.769600375014647
Kırıkkale,46.00035622236657,27.487794145380633,18.51256207698594
Batman,60.83878730046778,53.28456743385228,7.554219866615498
Şırnak,65.60433841349811,59.892771466493386,5.711566947004715
Bartın,46.43621992773088,24.076949683914602,22.359270243816283
Ardahan,52.34873809787861,31.611717549390832,20.737020548487777
Iğdır,57.560910706039806,46.236567555510334,11.324343150529472
Yalova,47.42874232948628,29.28600802166169,18.142734307824593
Karabük,43.70472617446497,23.48045114556051,20.22427502890446
Kilis,58.38676043214943,45.20376245091732,13.182997981232115
Osmaniye,53.53672189879086,39.8371025526198,13.69961934617107
Düzce,45.03724176355879,29.88284972801783,15.154392035540958
Adana,49.99849193183532,37.525226629132526,12.473265302702794
Adıyaman,58.43428340203839,46.03399003565919,12.400293366379202
Afyonkarahisar,49.70601936886001,32.891353378058064,16.81466599080195
Ağrı,66.16381514318563,58.28449950882108,7.87931563436455
Amasya,48.974641675854464,27.246747519294377,21.727894156560087
Ankara,41.94221350851806,29.68930957207227,12.252903936445783
Antalya,42.97562577807783,30.851529515299138,12.124096262778691
Artvin,48.280081223207624,24.249813429597875,24.030267793609745
Aydın,47.33790432741402,27.939339283582882,19.398565043831148
Balıkesir,47.063329806232915,24.743008441101413,22.320321365131502
Bilecik,43.67175632496988,27.201299041433135,16.470457283536746
Bingöl,50.76077586206896,40.325431034482754,10.435344827586206
Bitlis,60.976545881656584,52.528069104563194,8.448476777093392
Bolu,45.241114419083324,25.74337486676223,19.497739552321093
Burdur,46.525910254259756,24.635438366763886,21.890471887495874
Bursa,44.62561372375037,31.239704229517894,13.385909494232475
Çanakkale,44.73730578247637,23.05141758769822,21.68588819477815
Çankırı,51.29122492504558,26.851451179179676,24.439773745865917
Çorum,52.60852066923475,29.657045938021042,22.951474731213708
Denizli,44.917516972348245,28.924318486341782,15.993198486006458
Diyarbakır,61.269123904352476,53.35723113594752,7.91189276840495
Edirne,41.51884624852977,21.036201756065537,20.482644492464235
Elazığ,47.13519756657324,32.71808989938717,14.417107667186077
Erzincan,46.2078887871597,28.315800619094777,17.892088168064923
Erzurum,52.23276533690245,39.01556163726803,13.21720369963443
Eskişehir,41.699677634131504,25.457323644794005,16.242353989337495
Gaziantep,60.839982651923904,52.00318980753895,8.83679284438496
Giresun,48.088945840530265,24.211750018989996,23.87719582154027
Gümüşhane,42.27735787052251,25.624816230520437,16.652541640002074
Hakkari,48.589936807593666,43.46897226408609,5.120964543507575
Hatay,54.48876445521857,43.05423961258639,11.43452484263219
Isparta,45.022800687117204,26.626443581745107,18.396357105372097
Mersin,48.376618665015556,34.62584672042465,13.750771944590905
İstanbul,40.10295164459475,30.36031721456399,9.742634430030753
İzmir,42.83003058552041,26.684558367586153,16.145472217934262
Kars,54.41757290483147,41.940161229237674,12.477411675593789
Kastamonu,51.05325811293411,24.367666906872955,26.68559120606116
Kayseri,49.40076600045009,36.27886832350356,13.121897676946528
Kırklareli,41.34770889487871,21.789913668502674,19.55779522637603
Kırşehir,46.32615569944286,29.081162475530792,17.24499322391206
Kocaeli,44.26798054300815,33.731066551924094,10.536913991084058
Konya,50.20784691055652,35.98530470532032,14.222542205236207
Kütahya,44.0471986670977,25.240842513615004,18.806356153482703
Malatya,50.03412572517166,34.65973651940104,15.374389205770623
Manisa,46.34139156333996,29.744376880552775,16.59701468278719
Kahramanmaraş,56.43728625628778,43.75112675044494,12.686159505842836
Mardin,64.88300823060638,55.84428093750676,9.038727293099619
Muğla,43.90483453334289,26.054722778030676,17.85011175531222
Muş,65.67136355715496,57.316653090667415,8.354710466487544
Nevşehir,48.558345222511484,31.15160785813391,17.40673736437757
Niğde,50.03866112592776,35.08238747958403,14.956273646343732
Ordu,49.937575545518165,28.357401870347985,21.580173675170176
Rize,44.73030585437233,26.427538279237073,18.30276757513526
Sakarya,45.28038062288619,31.242089757355735,14.038290865530461
Samsun,46.61555305012824,29.544641604903777,17.07091144522446
Siirt,64.4435814326328,56.314508058372795,8.129073374260008
Sinop,54.95370764817813,25.790946011189686,29.162761636988442
Sivas,49.97770131022406,30.946591117140887,19.03111019308318
Tekirdağ,42.87926744409577,30.509805408069052,12.369462036026718
Tokat,49.831644891761236,29.504813464496266,20.32683142726497
Trabzon,46.72231048817115,28.691572173736407,18.030738314434746
Tunceli,41.04828229649129,20.742394455366366,20.30588784112492
Şanlıurfa,76.70713053111486,69.76791154477088,6.939218986343978
Uşak,44.803045284537916,27.22113877696183,17.581906507576083
Van,61.51750928533472,55.06253214700809,6.454977138326622
Yozgat,51.65426284578576,31.452777267702896,20.201485578082863
Zonguldak,43.3260714835334,25.245027316097264,18.081044167436133
Aksaray,51.72176308539945,37.76801201043625,13.953751074963197
Bayburt,44.68945052696204,28.694703093557077,15.99474743340496
Karaman,49.14029653881031,32.89720066420925,16.243095874601064
Kırıkkale,44.766469393705336,27.301929933145434,17.464539460559898
Batman,62.50016686289743,55.14618524718402,7.353981615713412
Şırnak,66.5759792666587,61.06239502802397,5.51358423863472
Bartın,44.81829139121224,23.880346250776142,20.937945140436103
Ardahan,51.70301320322365,32.12576577138314,19.5772474318405
Iğdır,57.461254845611506,46.97420674082788,10.487048104783634
Yalova,46.87046070460705,29.474254742547423,17.39620596205962
Karabük,41.73464614542094,23.050462640760305,18.684183504660634
Kilis,58.220258055919516,45.39630016211775,12.82395789380177
Osmaniye,53.89596663619744,40.890939213893965,13.005027422303472
Düzce,44.204124257221864,29.957124786727068,14.246999470494792
Adana,49.60411051212938,37.81927223719676,11.784838274932614
Adıyaman,58.31738362203367,46.34103060063021,11.976353021403456
Afyonkarahisar,49.60411718131434,33.33333333333333,16.270783847980997
Ağrı,66.413393074653,58.98170447782366,7.431688596829352
Amasya,48.40474180385536,27.42190797804981,20.982833825805542
Ankara,41.71853242644211,30.033313215289166,11.68521921115295
Antalya,43.02254367117894,31.312507920789162,11.710035750389777
Artvin,47.10457350579085,24.012173471975654,23.0924000338152
Aydın,47.009840421257884,28.139881829236284,18.8699585920216
Balıkesir,46.453743625502526,24.767855458456367,21.685888167046162
Bilecik,42.01872413990352,26.51760234401317,15.501121795890349
Bingöl,50.5823449088329,40.5381670191973,10.0441778896356
Bitlis,60.852611467900466,52.85914876965219,7.99346269824828
Bolu,44.815062512771924,25.79836147801371,19.016701034758217
Burdur,46.060691327027556,25.071968139217766,20.98872318780979
Bursa,44.471756681259286,31.579340949024914,12.892415732234369
Çanakkale,43.703652514126844,22.81000653848403,20.89364597564282
Çankırı,48.73204968687917,26.863773535618783,21.86827615126039
Çorum,52.16138410267319,30.208608097567897,21.952776005105296
Denizli,44.70564880036381,29.261098447463386,15.44455035290043
Diyarbakır,61.792459878664715,54.10496548220316,7.6874943964615525
Edirne,40.90095148749097,21.239159239768686,19.661792247722286
Elazığ,46.8930259857802,33.17903479978594,13.713991185994265
Erzincan,45.56701285245578,27.955324765029477,17.6116880874263
Erzurum,52.35290966342786,39.488643691479844,12.864265971948022
Eskişehir,41.1940409780005,25.526163101647615,15.667877876352886
Gaziantep,61.38438601850791,52.758206998383415,8.62617902012449
Giresun,47.24208177088064,24.374586409581024,22.867495361299614
Gümüşhane,42.302042529378845,25.71261191941802,16.58943060996083
Hakkari,47.92266939306627,43.122037364067296,4.800632028998978
Hatay,54.48962043974942,43.59722392826434,10.892396511485074
Isparta,44.54137032234404,26.827838683903753,17.71353163844028
Mersin,48.07027851902628,34.9723765923242,13.097901926702082
İstanbul,40.43635422112271,31.05500968896245,9.381344532160263
İzmir,42.3029760475551,26.81957129132013,15.48340475623497
Kars,54.42405970021596,42.28676203305749,12.137297667158467
Kastamonu,50.31523725131937,24.536358147157767,25.7788791041616
Kayseri,49.39438341275993,36.76711362715261,12.62726978560732
Kırklareli,40.18281336798474,21.638871731521515,18.543941636463227
Kırşehir,45.60712780687496,29.09096381915598,16.516163987718983
Kocaeli,43.995610016594625,33.92455603535855,10.07105398123607
Konya,50.12128901225006,36.4098452373984,13.711443774851656
Kütahya,44.14327009170743,25.92050360519667,18.222766486510753
Malatya,49.76559079575114,34.92706538466597,14.83852541108516
Manisa,45.79951741566502,29.855877391760167,15.943640023904853
Kahramanmaraş,57.09079383026223,44.862462488834126,12.228331341428108
Mardin,65.61277295214737,56.704142141834254,8.908630810313111
Muğla,43.574100813374905,26.210972918666965,17.363127894707944
Muş,66.29927935565918,58.315534613754195,7.983744741904979
Nevşehir,48.90519328192459,31.767113373761575,17.13807990816301
Niğde,50.25275101038606,35.68588837757334,14.566862632812724
Ordu,48.38425681195637,28.330626171368156,20.053630640588207
Rize,44.12495503950322,26.46777934421756,17.65717569528566
Sakarya,45.123980707570944,31.576491264848748,13.54748944272219
Samsun,46.28220727207814,29.968054197253558,16.314153074824585
Siirt,64.71084845926552,56.96173615077099,7.749112308494525
Sinop,54.04401197394895,25.844240516534285,28.199771457414663
Sivas,49.92835247798404,31.271244997426255,18.657107480557784
Tekirdağ,42.798494270324234,30.863576177304523,11.934918093019709
Tokat,49.02457772242547,29.51588892348408,19.508688798941385
Trabzon,46.106464359667605,28.738685788174443,17.367778571493158
Tunceli,38.615075124159176,19.603004966367006,19.012070157792166
Şanlıurfa,77.48354243658248,70.68709836875927,6.7964440678232085
Uşak,44.40969138761621,27.51538346680079,16.89430792081542
Van,62.16453339875034,55.96199079351795,6.202542605232399
Yozgat,51.53538955250491,32.21001961133892,19.325369941165984
Zonguldak,42.63886345202899,25.68055162440448,16.95831182762451
Aksaray,51.85651863150371,38.28466373396409,13.571854897539627
Bayburt,47.083325884477176,30.487870282639395,16.595455601837784
Karaman,49.02831924371587,33.31814928092666,15.71016996278921
Kırıkkale,43.99360926054322,27.380198756016437,16.613410504526772
Batman,63.51064410480349,56.34579694323144,7.164847161572052
Şırnak,66.98788502400377,61.708966611342774,5.278918412660994
Bartın,44.010160365888964,24.16632895270075,19.843831413188212
Ardahan,51.40757749712973,32.40566398775354,19.001913509376195
Iğdır,57.22646452260186,47.14500704690772,10.08145747569414
Yalova,46.0571899611233,29.220460950641076,16.836729010482227
Karabük,41.467643955166416,23.375638137067565,18.09200581809885
Kilis,57.47602633788501,45.06275133678024,12.413275001104777
Osmaniye,53.426887422161876,41.156238964856925,12.270648457304942
Düzce,43.89160752247356,30.17967715247144,13.711930370002115
Adana,48.969868294768084,37.72243236631206,11.247435928456019
Adıyaman,58.236002346234194,46.56425903248711,11.67174331374708
Afyonkarahisar,49.304269096613766,33.486873946494434,15.817395150119328
Ağrı,68.15237294938042,60.92096021672603,7.231412732654392
Amasya,49.089791564980025,28.24086627980548,20.848925285174538
Ankara,41.28916863462899,29.822900257069808,11.466268377559183
Antalya,42.649874930768476,31.379465961017978,11.2704089697505
Artvin,47.94831608755276,25.20703841564409,22.741277671908673
Aydın,46.0944659661378,28.044583697159588,18.049882268978212
Balıkesir,45.720454036925275,24.85180907227218,20.868644964653093
Bilecik,41.23002044937664,26.09748173252725,15.132538716849394
Bingöl,51.05602281141898,41.18212663432102,9.873896177097954
Bitlis,62.80979126338575,54.90278347271358,7.907007790672171
Bolu,44.4779078189928,25.84442072357135,18.633487095421447
Burdur,46.26896178365061,25.4985581862978,20.770403597352807
Bursa,44.00180247236838,31.442894821618488,12.558907650749894
Çanakkale,42.80287427342213,22.647153053175135,20.15572122024699
Çankırı,50.77464103976923,27.607526010436583,23.167115029332642
Çorum,52.14970170225508,30.583580955013474,21.56612074724161
Denizli,44.24586795875109,29.338661010493468,14.907206948257626
Diyarbakır,62.44004896419326,54.87725983990123,7.562789124292031
Edirne,40.18316444487322,21.200354200619508,18.982810244253713
Elazığ,46.78635827509286,33.40869595833344,13.377662316759423
Erzincan,44.93714471740165,28.607918263090674,16.329226454310973
Erzurum,53.00712244980082,40.45591726691079,12.551205182890024
Eskişehir,40.607181484591734,25.33909298548868,15.26808849910305
Gaziantep,61.221641723253924,52.854176497589535,8.367465225664397
Giresun,47.88381434096995,25.320183386978982,22.563630953990966
Gümüşhane,42.099769531380474,27.38568422459,14.714085306790475
Hakkari,51.73045602605863,46.783937846641436,4.946518179417202
Hatay,54.49450765005884,43.86818360141232,10.626324048646527
Isparta,44.43186736358491,27.17814695209242,17.253720411492495
Mersin,47.66128129485981,35.045468912565354,12.615812382294452
İstanbul,40.26442737314029,31.026240309430015,9.238187063710281
İzmir,41.69886585998168,26.768869720573914,14.929996139407772
Kars,55.54329899694487,43.50285235352962,12.040446643415253
Kastamonu,50.69545897864454,25.313735567759192,25.381723410885336
Kayseri,49.151334128534394,36.999166880634256,12.152167247900138
Kırklareli,39.6422366289764,21.68111917732466,17.96111745165174
Kırşehir,45.50299345472594,29.337097124422247,16.16589633030369
Kocaeli,43.49073653605269,33.69049759689379,9.800238939158898
Konya,49.90744879085214,36.593276629100686,13.314172161751458
Kütahya,44.05147284636181,26.238112259539143,17.813360586822668
Malatya,49.91786377201575,35.522108175889684,14.395755596126067
Manisa,45.448509839362806,29.913968621912783,15.534541217450021
Kahramanmaraş,57.61868685456771,45.72749688291502,11.891189971652699
Mardin,66.6822427982692,57.89504020288769,8.787202595381506
Muğla,43.167977989900855,26.576676188312014,16.59130180158884
Muş,67.48876974351543,59.82735421367503,7.661415529840395
Nevşehir,48.61457756179884,32.04948990225033,16.56508765954851
Niğde,51.10093472356686,36.78021573180031,14.320718991766551
Ordu,48.953490471957636,29.045028703516056,19.908461768441583
Rize,44.637707754417235,27.394746500288363,17.242961254128875
Sakarya,44.68119302582805,31.48064540166654,13.200547624161505
Samsun,46.07442843633532,30.164098570395502,15.910329865939813
Siirt,66.9904611884134,59.27756242953994,7.712898758873463
Sinop,54.752383652397086,26.650651307838075,28.101732344559004
Sivas,50.295971068132616,32.565284178187405,17.730686889945208
Tekirdağ,42.08719712621425,30.632328959157086,11.454868167057167
Tokat,49.41767691181397,30.396446253303715,19.021230658510255
Trabzon,45.959200341544005,29.080244278209864,16.878956063334137
Tunceli,37.894261788155845,19.84722616878667,18.047035619369183
Şanlıurfa,77.81631242254268,71.1091351285523,6.707177293990386
Uşak,43.95688050235083,27.612729166009274,16.344151336341547
Van,63.68001324947912,57.61630632322519,6.063706926253932
Yozgat,51.45102124981008,32.79141614754039,18.659605102269687
Zonguldak,42.39005713331505,26.087620319898853,16.30243681341619
Aksaray,51.53377467483074,38.381647423876124,13.15212725095461
Bayburt,45.18848848125948,29.999277821910887,15.189210659348596
Karaman,49.38501135503407,33.90522331566995,15.479788039364117
Kırıkkale,43.93359667467018,27.75927503679033,16.174321637879842
Batman,65.02195115761693,57.956413488189796,7.065537669427127
Şırnak,69.87327927842777,64.49895693385812,5.374322344569642
Bartın,44.092688809158716,24.589480579416712,19.503208229742004
Ardahan,53.08307187790688,33.99813959354849,19.0849322843584
Iğdır,58.53410385804981,48.74409897444246,9.790004883607358
Yalova,45.39566596439238,29.00701502558285,16.38865093880953
Karabük,40.861001947655325,23.253160618178885,17.607841329476436
Kilis,57.78575149024828,45.10446206377684,12.681289426471439
Osmaniye,53.274915117383436,41.501137093049934,11.7737780243335
Düzce,43.784055471150666,30.26277211059199,13.521283360558673
Adana,48.56373610801838,37.81716229073463,10.746573817283751
Adıyaman,57.79836433379171,46.49370857845925,11.304655755332456
Afyonkarahisar,49.04402132648038,33.61090020108301,15.433121125397367
Ağrı,69.55430065163284,62.500469025552505,7.0538316260803215
Amasya,49.21426709889216,28.602780813211837,20.61148628568032
Ankara,40.99456144945033,29.90161136475894,11.092950084691388
Antalya,42.42945825481089,31.515405077916892,10.914053176894004
Artvin,48.07753303964758,25.402643171806165,22.67488986784141
Aydın,45.55894383718807,27.918032652861008,17.640911184327063
Balıkesir,45.22726665679202,24.819767427743066,20.407499229048952
Bilecik,41.47936433867372,26.362316586301652,15.117047752372065
Bingöl,51.487563363343114,41.6562700205685,9.831293342774613
Bitlis,63.76703781915914,56.041466692263384,7.7255711268957565
Bolu,44.247344928428504,25.957653532399572,18.289691396028935
Burdur,46.686381899396196,26.0308410585621,20.6555408408341
Bursa,43.48018305196725,31.313626333847306,12.16655671811995
Çanakkale,42.690512792357524,22.76380805973427,19.926704732623257
Çankırı,51.2382487683311,27.937293865096276,23.300954903234828
Çorum,51.802547953872256,30.6786874874184,21.12386046645386
Denizli,44.02201387108739,29.488448159567625,14.533565711519762
Diyarbakır,62.71836067805842,55.32303083940363,7.395329838654775
Edirne,39.83833517254344,21.408405596304405,18.42992957623903
Elazığ,46.849699469981246,33.67077944978523,13.178920020196022
Erzincan,46.740675820430425,29.602363099295616,17.138312721134806
Erzurum,53.734929550186415,41.196799496441194,12.538130053745219
Eskişehir,39.92477429805079,25.05949985342416,14.865274444626628
Gaziantep,61.20633411966825,53.042658873540525,8.16367524612773
Giresun,48.032306411323894,25.773189009159037,22.25911740216486
Gümüşhane,43.24110540295252,28.450221063937853,14.790884339014662
Hakkari,54.59698787182581,49.56734571357651,5.0296421582492945
Hatay,54.24536395564156,43.886531097227746,10.358832858413813
Isparta,44.888008842656326,27.8011351692243,17.08687367343202
Mersin,47.27143210585831,35.111309629565675,12.160122476292635
İstanbul,40.162950935303904,31.26017378214035,8.902777153163559
İzmir,41.21114979456312,26.744775811508276,14.466373983054842
Kars,56.424623224079106,44.41637517813189,12.00824804594723
Kastamonu,50.038609731244435,25.277432811106866,24.76117692013756
Kayseri,49.33649226603605,37.46060491510002,11.875887350936033
Kırklareli,39.038507155847235,21.64505416304262,17.39345299280462
Kırşehir,44.58744090131778,28.6867518358314,15.90068906548637
Kocaeli,43.169211736176116,33.665377123074386,9.503834613101732
Konya,49.71038807028821,36.783208742248846,12.927179328039367
Kütahya,43.262223598575474,26.053035108662538,17.20918848991294
Malatya,49.936958945592785,35.8100055844587,14.126953361134087
Manisa,44.988614261130934,29.887305056845666,15.101309204285274
Kahramanmaraş,57.57032454869505,45.957834302716684,11.612490245978368
Mardin,67.48392443590913,58.78786986418068,8.696054571728462
Muğla,43.05051202678366,26.688573432832584,16.36193859395107
Muş,68.63133091898663,61.14436714663215,7.4869637723544855
Nevşehir,48.818232976927405,32.51138282089323,16.306850156034177
Niğde,51.49025675949432,37.40706099384932,14.083195765645002
Ordu,48.81812017463509,29.4407236015116,19.377396573123487
Rize,45.01331651247547,27.799533922063357,17.213782590412112
Sakarya,44.50204783760478,31.6347645763291,12.86728326127568
Samsun,45.996913162994005,30.406133117029427,15.59078004596458
Siirt,68.59595679867073,60.95421223410648,7.641744564564251
Sinop,55.31334326034211,27.211090030914818,28.102253229427284
Sivas,50.99765928641049,33.03687535396305,17.960783932447445
Tekirdağ,41.461148439874194,30.302893710204398,11.1582547296698
Tokat,49.44120294487412,30.799673673430423,18.641529271443698
Trabzon,46.06929201151493,29.268434388868897,16.80085762264604
Tunceli,38.18362166069838,20.045056404566164,18.13856525613221
Şanlıurfa,77.96227501694221,71.38649262566359,6.575782391278631
Uşak,44.01747145632939,27.879658921201806,16.137812535127583
Van,64.97644993004708,59.037273740134985,5.939176189912083
Yozgat,51.20177546029454,33.091290404829365,18.11048505546518
Zonguldak,42.15829255120467,26.567425527510984,15.590867023693683
Aksaray,51.62413613846248,38.66965323221822,12.954482906244266
Bayburt,45.33935192648718,30.683540222473,14.655811704014187
Karaman,49.15556851099492,34.05964765253512,15.095920858459802
Kırıkkale,43.5845518922744,27.876634143065964,15.70791774920843
Batman,66.1518035090953,59.27156895499004,6.880234554105273
Şırnak,73.29140040691176,67.83176204258245,5.459638364329312
Bartın,44.03608594744329,25.105188290783857,18.93089765665943
Ardahan,53.289166017147316,34.48324240062354,18.805923616523774
Iğdır,59.31327989422361,49.83059251301545,9.482687381208164
Yalova,45.032647574237224,28.911707516143746,16.120940058093478
Karabük,40.307191737202274,23.15343376214351,17.153757975058763
Kilis,58.498909619578384,45.46886358129392,13.030046038284468
Osmaniye,52.99858772788271,41.67111053812842,11.327477189754289
Düzce,43.89878119378513,30.52221786209656,13.376563331688573
Adana,48.7225688138392,38.24977213058246,10.47279668325674
Adıyaman,58.454190095397315,47.161607638094786,11.292582457302535
Afyonkarahisar,49.436516116250296,33.98734137196259,15.449174744287705
Ağrı,71.19036446112936,64.14703582042858,7.043328640700766
Amasya,49.89112936994612,29.1396428671127,20.751486502833426
Ankara,40.912973674606754,30.063724749719604,10.849248924887142
Antalya,42.60985095628645,31.925279351802864,10.684571604483589
Artvin,48.964406734674014,26.141541401612006,22.822865333062012
Aydın,45.5488687732794,28.104241962045602,17.444626811233793
Balıkesir,45.06869042001521,24.93685958010704,20.13183083990817
Bilecik,42.41233393912162,26.9861920505375,15.426141888584134
Bingöl,52.041472477821216,42.23102355304414,9.810448924777074
Bitlis,65.63234328249288,57.853511396531175,7.7788318859617105
Bolu,45.67423658582967,26.861869826749274,18.8123667590804
Burdur,47.416744653169296,26.690785419186962,20.725959233982334
Bursa,43.590465043561366,31.53270247183678,12.057762571724588
Çanakkale,42.393788764743086,22.730702231295837,19.663086533447245
Çankırı,52.02523881938785,28.22479688799644,23.80044193139141
Çorum,52.15904876692008,30.99590904876692,21.16313971815316
Denizli,44.32830031337123,29.914966999408705,14.413333313962525
Diyarbakır,63.73331063378267,56.33728232929064,7.396028304492036
Edirne,39.419307019852866,21.47760490987933,17.94170210997354
Elazığ,47.42489545817429,34.24582281925366,13.17907263892062
Erzincan,46.972763774699516,29.67304662003125,17.29971715466827
Erzurum,54.98266836086404,42.33372299872935,12.64894536213469
Eskişehir,39.84711337258968,25.082338532741726,14.764774839847957
Gaziantep,62.07765621853816,53.9113363312974,8.166319887240753
Giresun,49.202386197539674,26.460776703103033,22.741609494436634
Gümüşhane,44.898154437864164,28.423953081198995,16.47420135666517
Hakkari,54.58215269960797,49.80952750622432,4.772625193383646
Hatay,54.73589573865242,44.48018663071819,10.255709107934226
Isparta,45.19222825039244,28.130249786566054,17.06197846382639
Mersin,47.58615149131931,35.54980507564418,12.036346415675132
İstanbul,40.3590987483254,31.625414998453483,8.733683749871922
İzmir,40.99130561253913,26.818118014344638,14.17318759819449
Kars,57.704432170281564,45.46625353630608,12.238178633975481
Kastamonu,51.45158733706984,26.068419491060435,25.383167846009403
Kayseri,49.750983781562525,37.98189663258606,11.769087148976464
Kırklareli,39.0316712346332,21.839287717779808,17.192383516853393
Kırşehir,45.03729423868313,29.044495884773664,15.992798353909466
Kocaeli,43.41461253066601,33.98192870580368,9.43268382486233
Konya,50.28702430077946,37.394702500617214,12.89232180016224
Kütahya,43.35602761444139,26.28790463384776,17.068122980593632
Malatya,50.59397510312,36.5047726488932,14.089202454226799
Manisa,45.06195025063842,30.086068287146507,14.975881963491913
Kahramanmaraş,58.476523548708755,46.89292888420018,11.583594664508578
Mardin,68.99054270209723,60.22419184440645,8.76635085769079
Muğla,43.08089021266681,26.97494879718648,16.10594141548033
Muş,70.35088962335318,62.91714770373395,7.433741919619227
Nevşehir,49.668061920021714,33.24130228285717,16.42675963716454
Niğde,52.682309243059876,38.409450833520815,14.27285840953906
Ordu,49.92040705518444,30.170662081674287,19.749744973510154
Rize,45.763290118479006,28.536425425576223,17.22686469290278
Sakarya,45.186673388970036,32.202321022480625,12.984352366489418
Samsun,46.5118994470964,31.03025515986126,15.481644287235138
Siirt,70.64636069206512,62.93733486746783,7.7090258245972905
Sinop,56.056633054805936,27.87694848135039,28.17968457345555
Sivas,51.86934587010692,33.80264401536819,18.066701854738728
Tekirdağ,41.1787904422722,30.09037513810658,11.088415304165625
Tokat,50.62889891971395,31.866663285489675,18.76223563422427
Trabzon,46.8092057499637,29.822205069811165,16.987000680152537
Tunceli,37.11827956989247,19.890083632019113,17.22819593787336
Şanlıurfa,78.90573961515298,72.28640120863858,6.619338406514395
Uşak,44.64911993182339,28.387524992625128,16.26159493919827
Van,66.81886926805815,60.89011895234299,5.92875031571516
Yozgat,52.245166114343576,34.139374162894775,18.105791951448804
Zonguldak,42.61709709767206,27.339129852071505,15.277967245600557
Aksaray,52.99184205005601,39.85204067496051,13.139801375095491
Bayburt,50.1510112015904,33.99090109722063,16.160110104369767
Karaman,49.66537926772748,34.537308821257525,15.128070446469952
Kırıkkale,44.59257753358406,28.618278505662882,15.974299027921186
Batman,68.51689383102303,61.542556513515365,6.974337317507666
Şırnak,74.54022354126683,69.08984735243536,5.450376188831482
Bartın,44.86205639280506,25.788466212931453,19.073590179873605
Ardahan,55.057952450873195,35.7852478990284,19.272704551844793
Iğdır,60.12098418219186,50.71433920503241,9.40664497715945
Yalova,45.23033389220959,29.04307502446382,16.187258867745776
Karabük,41.54531662505525,24.060756650858313,17.48455997419694
Kilis,59.45593009348532,46.309404671825035,13.146525421660279
Osmaniye,53.72738853503185,42.52379168227801,11.20359685275384
Düzce,45.10651833419901,31.440524075841214,13.665994258357795
Adana,48.612110926817145,38.662638886696726,9.949472040120423
Adıyaman,58.505868721978736,47.650522709978816,10.855346011999925
Afyonkarahisar,49.48986394255493,34.46428835967079,15.025575582884146
Ağrı,73.10055197096482,66.20564068958565,6.894911281379171
Amasya,49.5593311683183,29.663958074902087,19.895373093416215
Ankara,40.52295089705596,30.264727895434923,10.258223001621039
Antalya,42.65389824198817,32.32630085814597,10.327597383842209
Artvin,48.3864761338394,26.48802756545922,21.89844856838018
Aydın,45.52372838747521,28.28691935979442,17.236809027680792
Balıkesir,44.84885399472527,24.982366806960695,19.866487187764573
Bilecik,42.19959763457904,27.07160614250781,15.127991492071233
Bingöl,52.45777622401668,43.09318172700545,9.36459449701124
Bitlis,67.28594547245166,59.743743287984444,7.542202184467222
Bolu,45.925159227509596,27.4645036662038,18.460655561305796
Burdur,47.51705445942532,27.2245446401911,20.292509819234215
Bursa,43.25750941503445,31.653479451378953,11.6040299636555
Çanakkale,41.71512432851526,22.552195824334053,19.162928504181203
Çankırı,51.195644115684644,28.064481585515534,23.13116253016911
Çorum,51.50565969418398,31.295421955417872,20.210237738766104
Denizli,44.37317818662449,30.34108476816503,14.032093418459468
Diyarbakır,64.581326456351,57.377405610095636,7.203920846255356
Edirne,38.94220923249945,21.61643369629735,17.325775536202105
Elazığ,47.91630906868482,35.09739668669216,12.818912381992668
Erzincan,47.45681128840828,30.09956481603587,17.357246472372413
Erzurum,56.26912880144944,43.77468191170299,12.49444688974645
Eskişehir,39.373444033237426,25.081969744542643,14.291474288694781
Gaziantep,62.6019884356452,54.636111801958485,7.965876633686713
Giresun,48.77824296737137,26.87934673540708,21.898896231964294
Gümüşhane,45.63791782348668,28.285120060502933,17.352797762983748
Hakkari,57.29405066894392,52.67122117847993,4.622829490463991
Hatay,54.488633187129295,44.700112321289716,9.78852086583959
Isparta,45.060669985070646,28.453408984630734,16.607261000439912
Mersin,47.41645358304799,35.84106294871313,11.575390634334855
İstanbul,40.35075833439578,32.06393356107803,8.28682477331775
İzmir,40.52843643753496,26.886039343856783,13.642397093678177
Kars,58.509148069334984,46.735352930483224,11.77379513885176
Kastamonu,51.28191458823722,26.348552822590566,24.93336176564666
Kayseri,49.815276586633075,38.448300669218774,11.366975917414303
Kırklareli,38.7669662249998,22.09828097118265,16.66868525381715
Kırşehir,45.2847543871094,29.806249592276078,15.478504794833322
Kocaeli,43.13707732980613,34.089538201293124,9.047539128513009
Konya,50.390237223154074,37.96012619952304,12.430111023631033
Kütahya,42.77071416081733,26.358754027926963,16.411960132890364
Malatya,50.41496127940205,36.852001704409965,13.562959574992083
Manisa,44.75935789263147,30.209820403385994,14.549537489245473
Kahramanmaraş,58.715802237392076,47.44547887069413,11.270323366697953
Mardin,69.93273730936315,61.25793938819597,8.67479792116718
Muğla,43.33311434326213,27.297913558743552,16.035200784518576
Muş,71.50578892929832,64.29923926462247,7.206549664675853
Nevşehir,49.71156008598282,33.88842108566378,15.823139000319037
Niğde,53.44300623324008,39.31893932295501,14.124066910285068
Ordu,49.88803946970857,30.767622918589588,19.120416551118986
Rize,45.77607051449234,28.939144118856174,16.836926395636166
Sakarya,45.00665406333176,32.465921245740155,12.540732817591602
Samsun,46.38360212822853,31.563459570112588,14.820142558115945
Siirt,72.6178470347116,65.022175954542,7.5956710801696
Sinop,55.07669444297012,27.841258046661153,27.23543639630896
Sivas,52.17882934477597,34.40750446316273,17.771324881613236
Tekirdağ,40.61348551578686,29.82631350412505,10.787172011661808
Tokat,50.483347720929295,32.63912134154475,17.844226379384544
Trabzon,46.465491553395836,30.051344350975313,16.41414720242052
Tunceli,37.33790454422805,20.318080091424218,17.01982445280383
Şanlıurfa,79.8093053977854,73.31678451529434,6.492520882491052
Uşak,44.72988867536943,28.825955867735736,15.903932807633689
Van,68.71384565650537,62.95619360233253,5.757652054172844
Yozgat,51.76745083592091,34.68449028998474,17.082960545936178
Zonguldak,41.96442330716726,27.71928410381396,14.245139203353304
Aksaray,52.70212808234148,40.173266834899756,12.52886124744173
Bayburt,50.875977988245424,34.19870475049601,16.67727323774941
Karaman,49.82546687610642,35.10297454309722,14.722492333009201
Kırıkkale,44.420648873261946,29.23285919769858,15.187789675563367
Batman,70.24544841125662,63.371427350140294,6.874021061116318
Şırnak,76.57684335208765,71.24883537849296,5.328007973594691
Bartın,44.76188292481599,26.357584512263166,18.404298412552833
Ardahan,55.071683485109524,36.62010829436377,18.451575190745753
Iğdır,60.540328175807275,51.5978299938979,8.942498181909372
Yalova,44.338029604990666,28.620494096206663,15.717535508784003
Karabük,41.73079279500062,24.587060409263568,17.143732385737042
Kilis,59.43767642252266,46.60525924825434,12.83241717426831
Osmaniye,53.7978563278386,43.103165740088855,10.69469058774975
Düzce,45.1973063588064,32.05906735328109,13.138239005525312
Adana,48.40055431155375,38.96289606382178,9.437658247731969
Adıyaman,58.42651619458439,48.078111776987214,10.34840441759717
Afyonkarahisar,49.3272993354296,34.92405060618027,14.403248729249333
Ağrı,75.25890878334334,68.58817207378225,6.670736709561104
Amasya,49.53695963142544,30.41854762302848,19.11841200839696
Ankara,40.61596863855602,30.472971937193492,10.142996701362517
Antalya,42.58594571168275,32.595848866884815,9.990096844797938
Artvin,47.688738487301144,27.027804912084846,20.6609335752163
Aydın,44.84474287911268,28.644147869869744,16.200595009242928
Balıkesir,43.95416785311924,25.53947482450819,18.414693028611044
Bilecik,41.92399937492781,27.210343585876085,14.713655789051725
Bingöl,53.0313596883051,44.135836267960784,8.895523420344317
Bitlis,68.77546729673718,61.61909434037825,7.156372956358941
Bolu,45.05303336522669,27.34761541728279,17.705417947943904
Burdur,47.08115370322728,27.479061258325473,19.602092444901807
Bursa,42.926644091553314,31.686469428172447,11.240174663380866
Çanakkale,41.08593319926751,22.837345946006675,18.248587253260833
Çankırı,50.059738095612396,28.628696294666018,21.431041800946378
Çorum,50.97080629555752,31.956735775552648,19.014070520004882
Denizli,44.31042204324831,30.73350178915662,13.576920254091693
Diyarbakır,65.57944777218671,58.552011495732884,7.027436276453834
Edirne,38.611182595269064,22.00317157820792,16.608011017061145
Elazığ,48.08727219658135,35.74647072467092,12.340801471910435
Erzincan,47.00603403919787,31.02551937507935,15.980514664118516
Erzurum,56.57244494543554,44.84067666470627,11.731768280729268
Eskişehir,39.03117459301962,25.108307893437548,13.922866699582068
Gaziantep,63.38683188085869,55.61008364057055,7.7767482402881445
Giresun,48.89121661388414,27.804363666937586,21.086852946946554
Gümüşhane,46.48476749847209,29.78547085573407,16.69929664273802
Hakkari,59.58537412182777,55.09076881714145,4.4946053046863135
Hatay,54.33061649447699,44.9309290438904,9.399687450586596
Isparta,44.47549158614775,28.72191059806478,15.753580988082968
Mersin,47.33526236234075,36.313798315698556,11.021464046642194
İstanbul,40.527777535192314,32.30269796495496,8.225079570237357
İzmir,40.043795217700165,26.994854924030815,13.04894029366935
Kars,59.642802188181484,48.26574413557811,11.377058052603374
Kastamonu,50.524658542569725,26.859000572503476,23.66565797006625
Kayseri,49.905741494457324,38.97962419266924,10.926117301788077
Kırklareli,39.05589037516128,22.6346219804988,16.421268394662487
Kırşehir,45.02780535601887,30.319842706690807,14.707962649328064
Kocaeli,42.94576049748681,34.17228516800925,8.773475329477561
Konya,50.46611224324386,38.587233402033206,11.878878841210662
Kütahya,42.252985263911754,26.65227705636318,15.600708207548578
Malatya,50.32488270315025,37.33864290501912,12.986239798131136
Manisa,44.501665614364036,30.42929695555031,14.072368658813724
Kahramanmaraş,58.990988540947676,48.162014120957814,10.82897441998986
Mardin,70.92508116189194,62.5055076098179,8.41957355207404
Muğla,42.54710231337944,27.72963148761894,14.817470825760504
Muş,73.50781420856956,66.59741264741012,6.910401561159429
Nevşehir,49.303848447127,34.402230195508224,14.901618251618775
Niğde,53.84939092907379,40.5254887564746,13.323902172599194
Ordu,49.49436319192943,31.579001152704766,17.915362039224664
Rize,45.31153841045235,29.53029048582548,15.781247924626877
Sakarya,44.74651258561738,32.75116404929794,11.995348536319444
Samsun,46.52241364094513,32.29912259107356,14.22329104987157
Siirt,74.55465789502928,67.14469867869803,7.409959216331248
Sinop,54.34434887581108,28.574769880790708,25.76957899502037
Sivas,51.500741931645145,35.32930350711453,16.171438424530614
Tekirdağ,40.26025476930579,29.78205708089936,10.478197688406425
Tokat,50.468842282511716,33.45832443232511,17.010517850186606
Trabzon,46.279526495713306,30.60067753709863,15.678848958614674
Tunceli,36.89726455458872,20.45574731984039,16.44151723474833
Şanlıurfa,80.77213229215991,74.41975714870428,6.352375143455615
Uşak,44.63566428604225,29.311316383732724,15.324347902309526
Van,70.91016824089719,65.35809086350032,5.5520773773968815
Yozgat,51.56491505819171,35.77246036105813,15.792454697133577
Zonguldak,41.67651893755623,28.168702279289505,13.507816658266721
Aksaray,52.26060497583676,40.76845056977507,11.492154406061692
Bayburt,50.64345193035579,35.40180883700546,15.241643093350332
Karaman,50.302260797058885,36.081158761141324,14.221102035917552
Kırıkkale,44.56064633279823,30.15026711229243,14.410379220505803
Batman,72.11355614158057,65.39441963092997,6.719136510650603
Şırnak,79.99560667633703,74.67362528736503,5.3219813889720005
Bartın,44.00386773562352,26.671387131404035,17.332480604219487
Ardahan,55.33021006498413,37.84796735680822,17.48224270817591
Iğdır,61.216421006290375,52.49710033272095,8.719320673569426
Yalova,43.31139280064063,28.50446297779253,14.806929822848103
Karabük,41.52657491809627,24.990319071122556,16.53625584697371
Kilis,59.68060402101158,47.36423808163722,12.316365939374371
Osmaniye,54.0202672461424,43.765028351303044,10.255238894839353
Düzce,45.19165634035522,32.62123089632383,12.570425444031391
Adana,48.635721912569565,39.4850838789257,9.150638033643872
Adıyaman,58.89897922138937,48.8884617848677,10.010517436521665
Afyonkarahisar,49.986470391463776,35.78016836372701,14.206302027736765
Ağrı,76.33704264107818,69.80872485363876,6.528317787439429
Amasya,49.88094462995173,31.208784054021375,18.672160575930352
Ankara,40.589408784845524,30.67028771108052,9.919121073765002
Antalya,42.8471859089972,33.18583527092358,9.661350638073614
Artvin,48.40256868022063,27.80427580448897,20.598292875731655
Aydın,45.00902577785205,29.258503175950086,15.750522601901967
Balıkesir,43.819115152581475,25.89232501979365,17.926790132787826
Bilecik,42.89034498207885,27.9618895609319,14.928455421146952
Bingöl,54.30333168747502,45.557945968822736,8.745385718652276
Bitlis,69.87422619137566,62.94835567241388,6.925870518961775
Bolu,44.95907747688277,27.636498661701985,17.322578815180787
Burdur,47.82798223792807,28.336781903145557,19.49120033478251
Bursa,43.00782503084208,31.991549881712178,11.016275149129905
Çanakkale,41.1598363350956,23.196726701911995,17.963109633183603
Çankırı,51.551212616803234,29.96983867388785,21.581373942915373
Çorum,51.853125313390926,33.15539891978625,18.69772639360468
Denizli,44.61407624454972,31.2723449960901,13.34173124845962
Diyarbakır,66.34213154694494,59.42482166065586,6.917309886289079
Edirne,38.30583073532109,22.26412874606838,16.041701989252708
Elazığ,48.68425572393019,36.53697269160138,12.147283032328811
Erzincan,47.83458289513858,31.959833090205926,15.874749804932659
Erzurum,57.15142531725325,45.718999652657175,11.432425664596073
Eskişehir,39.051754191360565,25.41649499783433,13.635259193526236
Gaziantep,64.23430675187045,56.535027917563326,7.699278834307117
Giresun,49.93370904165788,29.065100937364875,20.86860810429301
Gümüşhane,49.34228691973802,32.206403728697495,17.135883191040524
Hakkari,58.516866146546946,54.30797277863961,4.20889336790733
Hatay,55.00292000238197,45.7857418216427,9.217178180739268
Isparta,44.567732891993074,29.09896500157869,15.46876789041438
Mersin,47.46922408233083,36.77599478421805,10.693229298112785
İstanbul,40.838361287722876,32.74076086061529,8.097600427107588
İzmir,39.97226735029139,27.280806008088454,12.691461342202937
Kars,60.1480531898685,49.221118332221266,10.926934857647225
Kastamonu,51.62770705065803,28.11877099162653,23.50893605903151
Kayseri,50.25963158949217,39.57136627735678,10.68826531213539
Kırklareli,38.858345100943716,22.8965820348267,15.961763066117014
Kırşehir,45.700943197386444,31.197307408578357,14.503635788808095
Kocaeli,43.07115875410915,34.451658188718085,8.619500565391066
Konya,51.06607720686741,39.398262241890514,11.667814964976902
Kütahya,42.337183296471984,27.108109248599394,15.22907404787259
Malatya,50.58456834383166,37.94726539738599,12.637302946445677
Manisa,44.71421307409745,30.873308600859367,13.84090447323808
Kahramanmaraş,59.570565774938764,48.93406896882955,10.636496806109216
Mardin,71.95512856160924,63.64750606716479,8.307622494444457
Muğla,42.56963532846569,28.292990152478296,14.27664517598739
Muş,75.1970256440693,68.41739336874637,6.779632275322936
Nevşehir,50.03445863122952,35.39453817542863,14.639920455800887
Niğde,54.63233523137818,41.51401266070138,13.118322570676796
Ordu,50.444817831675415,33.09874874692057,17.34606908475484
Rize,46.144100846246445,30.557747190074075,15.586353656172369
Sakarya,45.16916373839956,33.39946068399171,11.769703054407847
Samsun,47.16065000199863,33.22560317523766,13.935046826760972
Siirt,76.54651908977847,69.247937122705,7.298581967073468
Sinop,54.811744440001235,29.51182749392476,25.299916946076472
Sivas,52.012745437435704,36.321814981496196,15.690930455939501
Tekirdağ,40.19405945805467,29.938416798528845,10.255642659525822
Tokat,51.0872801631966,34.782630093434484,16.30465006976212
Trabzon,46.57409466711792,31.216554658415124,15.3575400087028
Tunceli,34.985527653915355,19.61980755691152,15.365720097003832
Şanlıurfa,81.6568419446558,75.37943220735627,6.277409737299511
Uşak,45.199662315514395,29.937256865049232,15.262405450465163
Van,72.31960476936963,66.8882959118987,5.4313088574709365
Yozgat,52.67906171358885,37.44487752620107,15.234184187387775
Zonguldak,41.73907150435364,28.762753611673265,12.976317892680372
Aksaray,52.77816874504868,41.714554572105314,11.063614172943367
Bayburt,50.788787872759464,35.8903455547377,14.898442318021765
Karaman,50.9999358604323,36.98864729651722,14.011288563915079
Kırıkkale,44.95631160169688,31.020873345855932,13.935438255840948
Batman,73.96960933734547,67.35804447223416,6.611564865111311
Şırnak,81.40577413139411,76.14325004661569,5.26252408477842
Bartın,44.337888351001894,27.359213187082542,16.97867516391936
Ardahan,54.159619526721315,38.0632291079405,16.09639041878081
Iğdır,61.8532339365708,53.32998988465102,8.523244051919791
Yalova,43.767012170702074,29.14316356799099,14.623848602711087
Karabük,42.73894961073213,26.17667943093348,16.562270179798645
Kilis,62.701217118178256,50.14919513152729,12.552021986650963
Osmaniye,54.26994222733528,44.33950139337762,9.930440833957663
Düzce,45.61833357148261,33.32941087473629,12.28892269674632
Adana,48.691059237960125,39.883701417102536,8.807357820857595
Adıyaman,59.679045470798734,49.95093466109965,9.728110809699075
Afyonkarahisar,51.07158225699378,36.865630007330566,14.205952249663204
Ağrı,76.55889439122225,70.20730164582632,6.351592745395945
Amasya,49.58330632540998,31.565934829109292,18.017371496300687
Ankara,40.71414494363111,31.031758476191573,9.682386467439542
Antalya,42.976626771393505,33.552610404676045,9.424016366717462
Artvin,49.48567527018893,28.779725274231655,20.705949995957273
Aydın,45.0056672147635,29.700414047726508,15.305253167036984
Balıkesir,44.11810974467819,26.55434171920844,17.563768025469756
Bilecik,43.092096026954934,28.323038045767234,14.769057981187702
Bingöl,55.213678248672835,46.62097781249815,8.592700436174683
Bitlis,71.87145789296326,65.03742507326736,6.834032819695903
Bolu,45.61991131334197,28.29441442580129,17.325496887540684
Burdur,48.65248142785939,29.250824769183296,19.401656658676096
Bursa,42.953873154408726,32.20033936456465,10.753533789844074
Çanakkale,41.397743193828376,23.657514257643317,17.74022893618506
Çankırı,53.088798085644925,30.91216945843448,22.176628627210448
Çorum,52.004344784836476,33.760229295451055,18.24411548938542
Denizli,45.034570227123005,31.8577110384613,13.176859188661705
Diyarbakır,67.22584504808317,60.415642091772106,6.810202956311063
Edirne,38.509512825404535,22.780485266827384,15.729027558577153
Elazığ,49.4988209914378,37.59418016749683,11.904640823940966
Erzincan,49.07966538323038,33.044791003019306,16.034874380211075
Erzurum,57.903176882166186,46.82999332672747,11.073183555438717
Eskişehir,39.1379380969597,25.811099376481543,13.326838720478154
Gaziantep,64.76984223928139,57.217623347458826,7.552218891822564
Giresun,51.09367852730684,30.297758616342684,20.79591991096416
Gümüşhane,51.73892111235929,34.15598706985488,17.582934042504412
Hakkari,62.537026420142375,58.20075486121065,4.3362715589317276
Hatay,54.83096150816573,45.93194349629785,8.899018011867877
Isparta,45.27108178375629,29.926030068388627,15.34505171536766
Mersin,47.45854565900821,37.15507760422376,10.303468054784444
İstanbul,41.12057123407683,33.18562062229927,7.93495061177756
İzmir,39.8953650949557,27.565818417620207,12.32954667733549
Kars,60.6379178093707,49.9679517489939,10.669966060376805
Kastamonu,52.258318449987726,28.884553203375628,23.3737652466121
Kayseri,50.58375467069711,40.15689943681739,10.426855233879722
Kırklareli,39.04515506727484,23.364722808050093,15.680432259224744
Kırşehir,46.39275636864626,32.13930875514989,14.253447613496364
Kocaeli,43.18995742885291,34.7974875692608,8.392469859592097
Konya,51.48174651475059,40.098592376107476,11.383154138643114
Kütahya,43.543196717349666,28.225857739947134,15.317338977402525
Malatya,50.779930491591955,38.45123967270969,12.328690818882256
Manisa,44.82589430454988,31.267588890089698,13.558305414460175
Kahramanmaraş,59.7910095294683,49.51231009650728,10.278699432961016
Mardin,73.55669084391702,65.32150896935858,8.23518187455846
Muğla,42.595389723492275,28.78922409100805,13.806165632484216
Muş,76.31608037209935,69.61557103135124,6.700509340748111
Nevşehir,51.10052492318198,36.67740696483441,14.423117958347559
Niğde,55.52141020797434,42.75729568847157,12.764114519502778
Ordu,51.69029605926706,34.321683904763326,17.36861215450374
Rize,46.85500993394044,31.588566648329415,15.266443285611016
Sakarya,45.714843282370516,34.15809679053971,11.556746491830808
Samsun,47.68252237839216,34.13514460564831,13.547377772743843
Siirt,78.48322487180077,71.24887897532595,7.234345896474808
Sinop,54.98125968504057,30.245570644498898,24.735689040541676
Sivas,52.759412014051634,37.343051894583496,15.416360119468141
Tekirdağ,40.24426515968324,30.087674529433833,10.156590630249402
Tokat,51.6187565895569,35.73278365316311,15.885972936393797
Trabzon,47.17686222154855,32.08592521769885,15.090937003849689
Tunceli,35.9339043722833,20.461518793147533,15.472385579135771
Şanlıurfa,82.52797869545843,76.34230204335142,6.185676652107004
Uşak,45.75600003432269,30.56606687775118,15.189933156571506
Van,74.1182400389604,68.74194355850786,5.37629648045254
Yozgat,53.1652896911014,38.57219912645372,14.593090564647687
Zonguldak,41.62001160884215,29.170106537720642,12.449905071121501
Aksaray,53.66701551991303,42.85824388898354,10.80877163092949
Bayburt,51.44887485195421,36.8002368732728,14.648637978681405
Karaman,51.798514482177026,37.913788070448575,13.884726411728455
Kırıkkale,45.51997121266643,31.969815634062186,13.550155578604237
Batman,76.05363856068743,69.47267722878625,6.580961331901182
Şırnak,82.9616816605679,77.74564164842364,5.216040012144261
Bartın,45.20258012497481,28.41006000651233,16.79252011846247
Ardahan,54.651564433954114,39.03169166114965,15.619872772804467
Iğdır,62.84144995516314,54.56128854245706,8.280161412706077
Yalova,44.022174959032114,29.59032111851051,14.4318538405216
Karabük,44.57406420454919,27.645855128534112,16.92820907601508
Kilis,63.447243308555066,51.11633526831446,12.330908040240603
Osmaniye,54.51471903781076,44.91638465921933,9.598334378591417
Düzce,46.57767229450397,34.36036723030721,12.217305064196758
Adana,49.048337915092354,40.47751793033153,8.570819984760826
Adıyaman,60.912482300403006,51.319300729768,9.593181570635007
Afyonkarahisar,51.675244562440334,37.59988519318204,14.075359369258301
Ağrı,79.87953206670538,73.38787023977433,6.491661826931054
Amasya,47.44644492988514,30.663801000634205,16.782643929250934
Ankara,40.99224023765638,31.443199969743368,9.54904026791302
Antalya,43.33264021665813,34.05192868771278,9.28071152894535
Artvin,50.61339037589586,29.862329969284772,20.751060406611085
Aydın,45.212384382357904,30.241247533612555,14.971136848745351
Balıkesir,44.052619472655174,26.928038883305085,17.124580589350096
Bilecik,37.409843861456764,24.662085952408532,12.747757909048232
Bingöl,57.919817801487795,49.072916537733164,8.846901263754626
Bitlis,75.75953596535778,68.71561840100505,7.04391756435273
Bolu,46.612391408940276,29.090240724823364,17.52215068411692
Burdur,46.59931363332616,28.304130658844052,18.29518297448211
Bursa,43.22202066842568,32.56260993843448,10.659410729991205
Çanakkale,40.5733040948245,23.429505095240145,17.14379899958435
Çankırı,53.68579152898768,31.88259022443462,21.803201304553063
Çorum,52.837486797408005,34.911649681710486,17.925837115697522
Denizli,45.55254085851699,32.5107740273697,13.041766831147287
Diyarbakır,69.57446619730182,62.706123481107845,6.8683427161939745
Edirne,39.64404767014321,23.77963288839292,15.864414781750288
Elazığ,50.23800656251104,38.473060810608764,11.764945751902285
Erzincan,46.83355091383812,32.09399477806789,14.739556135770234
Erzurum,60.04499077085713,48.768372445337874,11.276618325519257
Eskişehir,39.67555717939349,26.37102667153818,13.304530507855317
Gaziantep,65.46721084199619,58.01139265752465,7.455818184471545
Giresun,52.095017667075396,31.48113214391955,20.61388552315584
Gümüşhane,53.924164875488366,35.93677635407142,17.98738852141695
Hakkari,72.45302699660998,67.57730473092602,4.875722265683974
Hatay,53.77411401068941,45.19828171770068,8.575832292988734
Isparta,40.1145800450694,26.78128838478392,13.333291660285482
Mersin,47.69786049046224,37.629232345304345,10.068628145157893
İstanbul,41.69412304956173,33.832948108425086,7.861174941136643
İzmir,39.51401747649033,27.59459601735566,11.919421459134668
Kars,62.729723899913715,51.845340811044004,10.884383088869715
Kastamonu,52.31151964918199,29.182408500590316,23.12911114859167
Kayseri,50.77570689221436,40.580021639682194,10.195685252532162
Kırklareli,40.434142286252026,24.6091326860022,15.825009600249818
Kırşehir,46.87841335619385,32.8734749538266,14.004938402367257
Kocaeli,43.61891330603588,35.33835832326863,8.280554982767255
Konya,52.04097117416524,40.786128930701274,11.254842243463962
Kütahya,41.30721425477588,27.046455809189695,14.260758445586182
Malatya,52.20995780868199,39.966666187142025,12.243291621539973
Manisa,42.87427642842273,30.12916315820545,12.745113270217281
Kahramanmaraş,60.103955647225035,50.015630123845746,10.088325523379293
Mardin,76.81143589865363,68.41212927124641,8.399306627407215
Muğla,43.00836005436921,29.44964287401141,13.558717180357807
Muş,79.70885192611765,72.81440193627603,6.894449989841618
Nevşehir,51.648145064695804,37.58157472110174,14.066570343594067
Niğde,56.24193779561416,43.65865724708374,12.583280548530427
Ordu,52.445179273579,35.499454177397645,16.94572509618136
Rize,47.7372836310693,32.75218968824386,14.985093942825447
Sakarya,46.68663107355741,35.10525847016851,11.581372603388909
Samsun,48.212437041603124,34.987535509304884,13.224901532298233
Siirt,84.01711075480705,76.37479651909966,7.642314235707379
Sinop,55.568514909224845,31.10449502002732,24.464019889197527
Sivas,51.57230923182947,37.061608466207865,14.510700765621607
Tekirdağ,40.95386952068101,30.70414326586839,10.249726254812618
Tokat,51.2285752052521,35.99292082188964,15.235654383362462
Trabzon,47.86216563666496,33.06750770565184,14.79465793101312
Tunceli,42.50492363717439,24.803983501170528,17.700940136003865
Şanlıurfa,83.4263861151943,77.32305727735978,6.10332883783453
Uşak,46.21590289733452,31.186791130643922,15.029111766690603
Van,77.7132814082254,72.27315947919277,5.440121929032634
Yozgat,53.85927946328158,39.76201864036505,14.097260822916532
Zonguldak,41.386894454293035,29.342258665808814,12.044635788484221
Aksaray,53.98374116389771,43.42977414657426,10.553967017323451
Bayburt,55.47847889678228,40.060593397409114,15.41788549937317
Karaman,52.78066016050859,38.95616880984593,13.824491350662656
Kırıkkale,46.18998298439003,33.02877857512762,13.161204409262412
Batman,79.07535063950468,72.38196189647185,6.6933887430328385
Şırnak,91.64847210216284,85.99582936023455,5.652642741928298
Bartın,45.48342605650173,28.858342760619255,16.62508329588247
Ardahan,57.9480266606755,41.74492623380514,16.203100426870364
Iğdır,64.98447830093309,56.600971559953116,8.38350674097997
Yalova,44.09553513964624,30.075039075484643,14.020496064161591
Karabük,42.75141898460284,26.86882624102355,15.882592743579291
Kilis,64.81067551831676,52.36571948656861,12.444956031748157
Osmaniye,55.01145067798364,45.638714936342,9.372735741641652
Düzce,47.38108208223476,35.21669971455342,12.164382367681345
Adana,49.20669374087909,40.97684221493394,8.229851525945156
Adıyaman,61.760946472307054,52.47517131995393,9.285775152353123
Afyonkarahisar,51.48345904287949,37.8770206405571,13.606438402322388
Ağrı,80.30167369208225,74.13573974775572,6.165933944326516
Amasya,49.48599035598049,32.646757820783506,16.83923253519698
Ankara,41.04469102285561,31.809494522344302,9.235196500511313
Antalya,43.62144720530816,34.55608348875817,9.065363716549996
Artvin,50.23363426030939,30.524883182869843,19.70875107743955
Aydın,45.35652731572408,30.84291955589402,14.513607759830052
Balıkesir,44.32076823559495,27.659291665717255,16.661476569877692
Bilecik,43.6387935140361,28.934479253303763,14.704314260732337
Bingöl,58.05851524066155,49.65884650564881,8.399668735012732
Bitlis,76.35383615992097,69.56519404940221,6.78864211051877
Bolu,45.98016289008951,29.134209606752144,16.845953283337366
Burdur,48.00454221850895,29.628561846541267,18.37598037196769
Bursa,43.3377447716027,32.94001286903648,10.397731902566221
Çanakkale,41.61279134912095,24.377432540988224,17.235358808132727
Çankırı,52.47101288041731,32.02633769273241,20.444675187684904
Çorum,52.44969366494021,35.54783648220776,16.901857182732456
Denizli,45.53381082027943,32.96026719997738,12.573543620302043
Diyarbakır,69.87303904584745,63.28515253142628,6.587886514421164
Edirne,38.952505771197075,23.838469728007084,15.114036043189987
Elazığ,50.15474473254385,38.94495450368524,11.209790228858598
Erzincan,50.09183350339538,35.22888005348158,14.862953449913796
Erzurum,60.0341893769017,49.3141453896018,10.720043987299906
Eskişehir,39.45409200244414,26.561972150791117,12.892119851653028
Gaziantep,65.97863125617903,58.71155206937565,7.26707918680337
Giresun,52.07258648844477,32.32903279297206,19.74355369547272
Gümüşhane,53.928239842987935,37.018886107487454,16.909353735500478
Hakkari,71.73844702923608,67.17478111392778,4.563665915308313
Hatay,54.80803144859783,46.36006848919756,8.447962959400272
Isparta,43.62569586423693,29.512152665189895,14.113543199047038
Mersin,47.28875053632562,37.72895942954701,9.559791106778617
İstanbul,41.95633997396565,34.30903720485616,7.6473027691094915
İzmir,39.92617203254797,28.29915338384213,11.62701864870584
Kars,61.1227332457293,50.99237844940867,10.130354796320631
Kastamonu,52.39504980687132,29.829487700752182,22.56556210611913
Kayseri,51.12276330861141,41.209636790643934,9.913126517967472
Kırklareli,40.392297320074164,24.98230237653801,15.409994943536153
Kırşehir,47.01168966380685,33.52376810448214,13.487921559324715
Kocaeli,43.69660015479584,35.70639759877673,7.990202556019104
Konya,52.276728809984505,41.38842783213663,10.888300977847878
Kütahya,43.406315050284654,28.83806084317709,14.568254207107568
Malatya,52.2918677394221,40.54598099048698,11.745886748935131
Manisa,44.99984759283773,32.00920539260085,12.990642200236884
Kahramanmaraş,60.14642526924128,50.41113610017304,9.735289169068242
Mardin,77.42584733026344,69.3116756639775,8.114171666285934
Muğla,42.879452401175975,29.773905363270348,13.105547037905621
Muş,80.03231362914102,73.51528666105852,6.517026968082503
Nevşehir,51.81601945639682,38.30237592538151,13.513643531015315
Niğde,55.93350184181916,43.92658412503268,12.006917716786473
Ordu,52.41834058375554,36.42794695429601,15.990393629459538
Rize,47.90410293198806,33.575544396362204,14.328558535625854
Sakarya,46.94685782703466,35.673546939012205,11.273310888022458
Samsun,48.7505711674663,36.03828725915772,12.712283908308583
Siirt,83.0658289821168,75.8444173791407,7.2214116029761115
Sinop,56.038789759503494,31.917765709852596,24.12102404965089
Sivas,52.97608552305824,38.87763062869399,14.09845489436424
Tekirdağ,40.53453754088331,30.596775264227748,9.937762276655562
Tokat,51.61990554698976,37.22104189683012,14.398863650159646
Trabzon,47.67598511518745,33.490442220986964,14.18554289420048
Tunceli,38.289795714499775,23.045801907996605,15.243993806503173
Şanlıurfa,84.04070539906505,78.12478259927444,5.915922799790612
Uşak,46.3684618803985,31.77083787293757,14.59762400746093
Van,78.7423987579247,73.51900354229245,5.2233952156322445
Yozgat,53.86910399696912,40.60207109932436,13.267032897644757
Zonguldak,41.61272707748338,29.99170628836984,11.621020789113533
Aksaray,53.7078422576567,43.66542963174422,10.042412625912483
Bayburt,55.98705501618123,41.601419772418836,14.385635243762396
Karaman,53.427558096448045,39.89929066751363,13.528267428934413
Kırıkkale,46.291328287379734,33.857028999473876,12.43429928790586
Batman,81.34736535450276,74.78533192527584,6.562033429226903
Şırnak,89.58904109589041,84.25538475091398,5.3336563449764345
Bartın,45.46093104752495,29.418847884649523,16.042083162875425
Ardahan,57.329861969659504,42.118889357555304,15.210972612104198
Iğdır,64.95347687328629,56.94430709758619,8.009169775700094
Yalova,43.744011582929375,30.41370646642583,13.330305116503546
Karabük,44.91039402759453,28.850935177388664,16.059458850205864
Kilis,64.99648667639588,52.85795362412843,12.138533052267444
Osmaniye,55.18745353954648,46.152252139647786,9.03520139989869
Düzce,47.471058525359815,35.719785804487195,11.751272720872622
Adana,49.62102220998138,41.62088043942964,8.000141770551746
Adıyaman,62.76411364919865,53.68848012418732,9.075633525011337
Afyonkarahisar,51.93766190757352,38.471091395940135,13.46657051163338
Ağrı,80.39816544238533,74.43551421510968,5.962651227275654
Amasya,49.5732420205269,33.321318490381195,16.251923530145703
Ankara,41.08006315658236,32.0697364785088,9.010326678073556
Antalya,43.94093642994117,35.03572443297285,8.905211996968319
Artvin,50.14330779630464,31.21946822893195,18.923839567372692
Aydın,45.67999589591311,31.415879798537617,14.264116097375496
Balıkesir,44.526223186063405,28.255009871415858,16.271213314647547
Bilecik,46.60337120435934,31.036026805704182,15.56734439865516
Bingöl,58.44568048655238,50.35111707821094,8.094563408341427
Bitlis,77.82861059583195,71.2517747664924,6.576835829339542
Bolu,46.27541222615725,29.785277909247682,16.490134316909568
Burdur,49.166264769713045,30.693272244996383,18.472992524716663
Bursa,43.53230898131763,33.35303974781894,10.179269233498692
Çanakkale,41.626347534020205,24.6726245518163,16.9537229822039
Çankırı,53.35905385633666,32.95913746255138,20.399916393785272
Çorum,52.64048984297823,36.36210992922687,16.27837991375137
Denizli,45.96930280047138,33.64000846073472,12.329294339736666
Diyarbakır,70.03526388686397,63.620790202653446,6.4144736842105265
Edirne,39.05806242468234,24.185512230530165,14.87255019415218
Elazığ,50.9146181810164,39.82068688004542,11.093931300970981
Erzincan,51.399390506856804,36.75214903832332,14.647241468533478
Erzurum,60.843269719705695,50.375143986799905,10.468125732905783
Eskişehir,39.79249905767056,27.129099133056915,12.663399924613644
Gaziantep,65.56320158228596,58.450000564808725,7.113201017477236
Giresun,52.83979518251296,33.47417857388758,19.365616608625384
Gümüşhane,55.74036751630113,38.986366330764675,16.754001185536456
Hakkari,71.75212539851222,67.39771519659936,4.3544102019128585
Hatay,55.37968490605451,46.94789845751289,8.431786448541619
Isparta,45.258958746274615,30.967031243315702,14.291927502958918
Mersin,47.97184773256823,38.561202748760216,9.410644983808016
İstanbul,42.09572654049105,34.6460203582485,7.449706182242549
İzmir,39.96628400636268,28.696978613352332,11.269305393010347
Kars,59.28067319517659,49.82215849072009,9.458514704456498
Kastamonu,52.36694145001057,30.264637497357853,22.102303952652715
Kayseri,51.28595862195818,41.60694053614926,9.679018085808918
Kırklareli,40.165315384647386,25.19042052672959,14.974894857917793
Kırşehir,47.643510539573114,34.53864510141854,13.104865438154581
Kocaeli,43.759814796951865,36.01167165042924,7.74814314652262
Konya,52.564691376574245,41.90156362180319,10.663127754771065
Kütahya,44.297057878551435,29.81696526470933,14.480092613842096
Malatya,52.43699259616263,41.10251531040443,11.334477285758208
Manisa,45.70444377805786,32.81318294635576,12.8912608317021
Kahramanmaraş,59.99185505732547,50.54822925215747,9.443625805167997
Mardin,76.40298149723422,68.59535010503856,7.807631392195659
Muğla,42.933202336274746,30.07448049672929,12.858721839545458
Muş,80.18780472586927,73.96850014707063,6.219304578798656
Nevşehir,52.159516890468524,38.987436127345596,13.172080763122926
Niğde,56.33883492006301,44.71113205193941,11.627702868123594
Ordu,52.55715500730677,37.09502609861267,15.462128908694094
Rize,48.16515676533211,34.42018397138841,13.744972793943697
Sakarya,47.2382833511769,36.18380657692421,11.05447677425269
Samsun,49.481705506947144,37.117155759763385,12.364549747183762
Siirt,84.12215896878473,77.0617243009881,7.06043466779663
Sinop,55.78236042578283,32.381373553052164,23.40098687273066
Sivas,53.75837176610461,40.0041904511313,13.75418131497331
Tekirdağ,40.3181850454121,30.549259698199354,9.768925347212742
Tokat,52.19003841999616,38.13024329376255,14.059795126233606
Trabzon,48.14019264621531,33.995727763602915,14.144464882612393
Tunceli,37.181440223428226,23.02199371608112,14.159446507347106
Şanlıurfa,83.26005138467377,77.44603968982935,5.81401169484442
Uşak,46.80003163500237,32.41357493101812,14.386456703984251
Van,79.35641133244641,74.29073993053386,5.065671401912551
Yozgat,55.002961089681,42.072122541095126,12.93083854858588
Zonguldak,41.72301395825799,30.359783370033465,11.363230588224523
Aksaray,54.41905039688327,44.57634534052793,9.84270505635534
Bayburt,57.22061787131489,42.96844160970644,14.25217626160846
Karaman,54.10601170467786,40.757456040497644,13.348555664180203
Kırıkkale,46.60267041756765,34.587365901790776,12.015304515776878
Batman,82.27665651966653,75.81948599376166,6.457170525904879
Şırnak,87.64429990777045,82.50785699611411,5.136442911656329
Bartın,46.16276227498167,30.32730656111273,15.835455713868935
Ardahan,55.96098265895954,41.999221876389505,13.961760782570032
Iğdır,63.819502554880984,56.16554204426086,7.653960510620116
Yalova,43.57758463944143,30.790937852285538,12.786646787155897
Karabük,45.62547139316884,29.773192543906905,15.852278849261934
Kilis,65.09654090195811,53.18005048782152,11.916490414136591
Osmaniye,55.33939041430166,46.50180174759488,8.83758866670678
Düzce,48.16646752485515,36.49660707441892,11.669860450436232
Adana,50.44699623329575,41.96778808090017,8.479208152395575
Adıyaman,64.97108288440798,55.33600754137993,9.635075343028046
Afyonkarahisar,52.33318351279228,38.78549824015147,13.547685272640814
Ağrı,81.54116041842634,75.10985572566332,6.431304692763029
Amasya,49.41221394866759,33.4242515160607,15.987962432606897
Ankara,41.14962171604593,31.904653862756017,9.24496785328991
Antalya,44.49176597323669,35.41063539246586,9.081130580770825
Artvin,51.39604424109234,32.27384083294304,19.122203408149296
Aydın,46.46093456382845,32.061852640630775,14.399081923197679
Balıkesir,45.046329201923726,28.770797557470516,16.275531644453206
Bilecik,43.64554035288064,29.131332783499342,14.514207569381297
Bingöl,60.851216205846995,52.509783359337035,8.341432846509962
Bitlis,79.47670917948437,72.59182221249111,6.8848869669932675
Bolu,46.79423499715007,30.097440490730936,16.69679450641913
Burdur,47.76569835162896,29.996587954302118,17.76911039732684
Bursa,43.99441934250223,33.49468609981917,10.49973324268306
Çanakkale,41.82125793806817,24.800133442947185,17.021124495120993
Çankırı,55.03287539423744,34.58687478840363,20.446000605833824
Çorum,53.83074443797843,37.49748198218362,16.3332624557948
Denizli,46.43249088150802,33.99083309124947,12.441657790258546
Diyarbakır,72.48425964849304,65.34099765252672,7.143261995966313
Edirne,39.572265934414105,24.688880674517257,14.88338525989685
Elazığ,52.64634796366436,40.87815828734034,11.76818967632402
Erzincan,51.43787187870106,37.04426021403193,14.393611664669129
Erzurum,62.52510528691461,51.76803336052641,10.757071926388193
Eskişehir,40.486591879927744,27.578902076921285,12.907689803006459
Gaziantep,66.08887753255188,58.37597282996369,7.7129047025881805
Giresun,54.99025522041764,35.31953596287703,19.670719257540604
Gümüşhane,57.588204825517664,41.038582459014414,16.549622366503247
Hakkari,78.66027806370239,73.6020702553025,5.058207808399901
Hatay,55.772132980486674,46.94433675504689,8.827796225439794
Isparta,42.946395739986656,29.379519795170715,13.56687594481594
Mersin,47.871713525413426,38.41960136091736,9.452112164496068
İstanbul,43.07840375490694,34.65301953533846,8.425384219568475
İzmir,40.227613044324464,28.77462236057407,11.452990683750395
Kars,61.18215563483172,51.04828675715163,10.133868877680088
Kastamonu,53.26375421047259,30.97121567826886,22.292538532203736
Kayseri,51.711475683073274,41.66919500027996,10.042280682793312
Kırklareli,41.59896665420307,26.320150243040214,15.278816411162854
Kırşehir,48.30345157560373,35.17630015550032,13.1271514201034
Kocaeli,44.39675602721788,36.346975746523455,8.049780280694426
Konya,52.998536461172485,42.289868156550234,10.708668304622252
Kütahya,43.254236955476394,29.295590818539562,13.958646136936832
Malatya,54.33751987825105,42.13676236726458,12.200757510986476
Manisa,45.384692487231256,32.56704347816509,12.817649009066164
Kahramanmaraş,60.964813877012034,51.17773190853787,9.787081968474157
Mardin,81.3574242497933,72.34424395700599,9.013180292787316
Muğla,43.55178990995177,30.52758593553851,13.024203974413261
Muş,82.86022213303632,76.34594311843037,6.514279014605946
Nevşehir,53.358121094969256,40.08662939375852,13.27149170121073
Niğde,58.16964477317272,46.24195863555511,11.92768613761761
Ordu,54.04652344582708,38.5344016399267,15.512121805900378
Rize,49.79230510545785,35.81398873663719,13.978316368820662
Sakarya,48.20462772375612,36.76290013485698,11.441727588899141
Samsun,50.607166885415864,38.12069318372604,12.486473701689823
Siirt,88.27449916689271,80.5724545020085,7.7020446648842045
Sinop,57.680081378345726,33.81174899866489,23.868332379680844
Sivas,54.61385524808628,40.994718373811274,13.619136874275018
Tekirdağ,41.16420409618754,30.934006728786496,10.230197367401045
Tokat,53.5870345168873,39.4848447358654,14.102189781021899
Trabzon,49.66160026999226,35.243488154493775,14.418112115498486
Tunceli,39.59925566558118,24.644447398152455,14.954808267428724
Şanlıurfa,85.39627551771862,78.7140445287309,6.682230988987714
Uşak,47.66012736826754,33.049457955655335,14.610669412612198
Van,83.19791458240223,77.58026482858698,5.617649753815256
Yozgat,56.08263901883609,43.27321050812086,12.809428510715225
Zonguldak,42.15547107796635,30.690292694073413,11.465178383892939
Aksaray,55.412782503862935,45.350041600869375,10.062740902993566
Bayburt,59.60540844600929,44.82801725035938,14.777391195649908
Karaman,55.48195837288322,41.78875545100629,13.693202921876935
Kırıkkale,47.542830667495025,35.54445228342477,11.998378384070255
Batman,86.40672897491231,78.97471505616028,7.432013918752046
Şırnak,93.68702858739175,87.12589626594655,6.5611323214452
Bartın,47.10999466907904,31.040498844967125,16.069495824111918
Ardahan,58.88505180069068,44.445697371203046,14.439354429487631
Iğdır,67.38702254947077,58.98941555453291,8.397606994937874
Yalova,45.363372441757235,31.93294784743716,13.430424594320082
Karabük,45.1060748967148,29.600674840920867,15.505400055793933
Kilis,65.95729776681891,53.56692538317128,12.390372383647623
Osmaniye,55.977806019652206,46.800574481055556,9.177231538596654
Düzce,49.07258417745155,37.100321356613634,11.972262820837924
